"","Row","Column","Block","Population","Family","Replicate","Filter_paper_and_tube_weight_mg","Date_paper_and_tube_measured","Date_latex_collected","Surveyor","Latex_not_collected","Latex_and_filter_paper_and_tube_weight_mg","Latex_weight_mg"
"1",1,13,"1","40","3","5",1070.0876,"8/10/2020","8/21/2020","Sophie",NA,1080.99,10.9024
"2",1,14,"1","41","2","5",1061.5501,"8/10/2020","8/21/2020","Sophie",NA,1072.2,10.6499
"3",1,15,"1","14","2","1",1069.2046,"8/10/2020","8/21/2020","Sophie",NA,1078.41,9.2054
"4",1,17,"1","15","5","5",1060.2334,"8/10/2020","8/21/2020","Sophie",NA,1064.92,4.6866
"5",1,19,"1","7","2","2",1066.6106,"8/10/2020","8/21/2020","Sophie",NA,1081.06,14.4494
"6",1,21,"1","15","5","2",1065.1906,"8/10/2020","8/21/2020","Sophie",NA,1075.91,10.7194
"7",1,22,"1","3","3","5",1073.5268,"8/10/2020","8/21/2020","Sophie",NA,1078.06,4.5332
"8",1,23,"1","68","4","5",1080.81,"8/10/2020","8/21/2020","Sophie",NA,1105.45,24.64
"9",1,24,"2","11","3","5",1069.62156,"8/10/2020","8/21/2020","Sophie",NA,1076.11,6.48844
"10",1,25,"2","36","4","2",1075.877,"8/10/2020","8/21/2020","Sophie",NA,1082.27,6.393
"11",1,27,"2","67","3","5",1071.591,"8/10/2020","8/21/2020","Sophie",NA,1125.52,53.929
"12",1,29,"2","5","2","2",1062.2902,"8/10/2020","8/21/2020","Sophie",NA,1073.6,11.3098
"13",1,31,"2","31","1","1",1065.8573,"8/10/2020","8/21/2020","Sophie",NA,1074.8,8.9427
"14",1,32,"2","62","5","2",1085.119,"8/10/2020","8/21/2020","Sophie",NA,1087.53,2.411
"15",1,33,"2","13","1","5",1058.1597,"8/10/2020","8/21/2020","Sophie",NA,1064.37,6.2103
"16",1,34,"2","13","2","3",1062.1068,"8/10/2020","8/21/2020","Sophie",NA,1066.29,4.1832
"17",1,36,"2","30","3","1",1073.3476,"8/10/2020","8/21/2020","Sophie",NA,1080.17,6.8224
"18",1,37,"2","18","1","2",1071.7309,"8/10/2020","8/21/2020","Sophie",NA,1082.29,10.5591
"19",1,38,"2","31","5","1",1067.307,"8/10/2020","8/21/2020","Sophie",NA,1085.41,18.103
"20",1,40,"2","8","1","4",1068.5794,"8/10/2020","8/21/2020","Sophie",NA,1083.58,15.0006
"21",1,42,"2","4","1","3",1078.8983,"8/10/2020","8/21/2020","Sophie",NA,1085.46,6.5617
"22",1,43,"2","36","3","3",1072.5171,"8/10/2020","8/21/2020","Sophie",NA,1085.06,12.5429
"23",1,44,"2","30","4","5",1058.7916,"8/10/2020","8/21/2020","Sophie",NA,1071.25,12.4584
"24",1,45,"2","62","2","1",1082.204,"8/10/2020","8/21/2020","Sophie",NA,1087.65,5.446
"25",1,46,"2","6","2","4",1069.7652,"8/10/2020","8/21/2020","Sophie",NA,1073.75,3.9848
"26",2,1,"1","79","4","5",1069.8034,"8/10/2020","8/21/2020","Sophie",NA,1077.12,7.3166
"27",2,2,"1","6","2","5",1060.3429,"8/10/2020","8/21/2020","Sophie",NA,1063.09,2.7471
"28",2,3,"1","68","1","4",1038.1584,"8/10/2020","8/21/2020","Sophie",NA,1051.4,13.2416
"29",2,4,"1","39","2","1",1079.7981,"8/10/2020","8/21/2020","Sophie",NA,1084.14,4.3419
"30",2,5,"1","49","3","5",1065.6209,"8/10/2020","8/21/2020","Sophie",NA,1080.26,14.6391
"31",2,6,"1","14","5","2",1063.9417,"8/10/2020","8/21/2020","Sophie",NA,1073.9,9.9583
"32",2,7,"1","56","3","4",1067.9236,"8/10/2020","8/21/2020","Sophie",NA,1073.96,6.0364
"33",2,9,"1","21","3","4",1069.1748,"8/10/2020","8/21/2020","Sophie",NA,1072.66,3.4852
"34",2,10,"1","14","2","2",1070.7679,"8/10/2020","8/21/2020","Sophie",NA,1076.74,5.9721
"35",2,11,"1","72","2","1",1059.5693,"8/10/2020","8/21/2020","Sophie",NA,1064.17,4.6007
"36",2,12,"1","2","1","1",1061.2223,"8/10/2020","8/21/2020","Sophie",NA,1073.42,12.1977
"37",2,13,"1","36","2","4",1084.0647,"8/10/2020","8/21/2020","Sophie",NA,1090.92,6.8553
"38",2,14,"1","35","2","1",1068.8405,"8/10/2020","8/21/2020","Sophie",NA,1077.89,9.0495
"39",2,16,"1","40","2","2",1071.2922,"8/10/2020","8/21/2020","Sophie",NA,1077.86,6.5678
"40",2,17,"1","46","1","5",1085.6416,"8/10/2020","8/21/2020","Sophie",NA,1090.36,4.7184
"41",2,18,"1","6","4","2",1065.5784,"8/10/2020","8/21/2020","Sophie",NA,1076.4,10.8216
"42",2,19,"1","9","1","3",1071.4541,"8/10/2020","8/21/2020","Sophie",NA,1075.61,4.1559
"43",2,20,"1","18","5","1",1081.0061,"8/10/2020","8/21/2020","Sophie",NA,1087.73,6.7239
"44",2,21,"1","79","1","4",1068.0773,"8/10/2020","8/21/2020","Sophie",NA,1081.21,13.1327
"45",2,22,"1","77","1","5",1076.0057,"8/10/2020","8/21/2020","Sophie",NA,1085.54,9.5343
"46",2,23,"1","31","4","2",1062.8755,"8/10/2020","8/21/2020","Sophie",NA,1070.8,7.9245
"47",2,24,"2","47","2","3",1064.1195,"8/10/2020","8/21/2020","Sophie",NA,1065.95,1.8305
"48",2,25,"2","68","5","3",1069.8367,"8/10/2020","8/21/2020","Sophie",NA,1077.55,7.7133
"49",2,26,"2","28","1","4",1057.5557,"8/10/2020","8/21/2020","Sophie",NA,1060.68,3.1243
"50",2,27,"2","14","3","5",1061.901,"8/10/2020","8/21/2020","Sophie",NA,1067.76,5.859
"51",2,28,"2","2","5","5",1075.2452,"8/10/2020","8/21/2020","Sophie",NA,1079.24,3.9948
"52",2,30,"2","41","1","1",1071.6853,"8/10/2020","8/21/2020","Sophie",NA,1080.16,8.4747
"53",2,31,"2","68","3","3",1059.1949,"8/10/2020","8/21/2020","Sophie",NA,1067.58,8.3851
"54",2,33,"2","72","1","2",1062.9791,"8/10/2020","8/21/2020","Sophie",NA,1070.07,7.0909
"55",2,34,"2","2","4","3",1074.0989,"8/10/2020","8/21/2020","Sophie",NA,1088.53,14.4311
"56",2,35,"2","4","1","2",1068.1623,"8/10/2020","8/21/2020","Sophie",NA,1073.52,5.3577
"57",2,36,"2","49","4","3",1063.1054,"8/10/2020","8/21/2020","Sophie",NA,1068.79,5.6846
"58",2,37,"2","17","2","4",1064.1071,"8/10/2020","8/21/2020","Sophie",NA,1069.1,4.9929
"59",2,38,"2","6","1","3",1083.067,"8/10/2020","8/21/2020","Sophie",NA,1093.55,10.483
"60",2,39,"2","77","2","2",1072.1726,"8/10/2020","8/21/2020","Sophie",NA,1093.47,21.2974
"61",2,40,"2","47","2","4",1078.236,"8/10/2020","8/21/2020","Sophie",NA,1084.27,6.034
"62",2,41,"2","64","1","3",1071.2301,"8/10/2020","8/21/2020","Sophie",NA,1081.66,10.4299
"63",2,42,"2","57","5","1",1069.9822,"8/10/2020","8/21/2020","Sophie",NA,1073.78,3.7978
"64",2,43,"2","57","1","4",1071.7059,"8/10/2020","8/21/2020","Sophie",NA,1074.32,2.6141
"65",2,44,"2","15","2","3",1058.7007,"8/10/2020","8/21/2020","Sophie",NA,1064.19,5.4893
"66",2,45,"2","79","5","2",1063.9587,"8/10/2020","8/21/2020","Sophie",NA,1073.44,9.4813
"67",2,46,"2","17","5","4",1058.4949,"8/10/2020","8/21/2020","Sophie",NA,1066.9,8.4051
"68",3,1,"1","12","5","1",1072.6063,"8/10/2020","8/21/2020","Sophie",NA,1088.17,15.5637
"69",3,2,"1","68","3","4",1064.664,"8/10/2020","8/21/2020","Sophie",NA,1078.98,14.316
"70",3,3,"1","14","5","1",1062.7433,"8/10/2020","8/21/2020","Sophie",NA,1071.91,9.1667
"71",3,4,"1","9","2","2",1062.7788,"8/10/2020","8/21/2020","Sophie",NA,1068.39,5.6112
"72",3,5,"1","13","5","5",1068.7317,"8/10/2020","8/21/2020","Sophie",NA,1091.2,22.4683
"73",3,6,"1","1","1","2",1072.7968,"8/10/2020","8/21/2020","Sophie",NA,1081.85,9.0532
"74",3,7,"1","68","3","5",1064.1425,"8/10/2020","8/21/2020","Sophie",NA,1072.65,8.5075
"75",3,8,"1","15","4","1",1064.3933,"8/10/2020","8/21/2020","Sophie",NA,1070.59,6.1967
"76",3,11,"1","49","3","4",1060.1002,"8/10/2020","8/21/2020","Sophie",NA,1064.91,4.8098
"77",3,12,"1","15","2","4",1082.4112,"8/10/2020","8/21/2020","Sophie",NA,1090.49,8.0788
"78",3,13,"1","39","2","2",1067.1947,"8/10/2020","8/21/2020","Sophie",NA,1073.28,6.0853
"79",3,14,"1","2","2","5",1069.0904,"8/10/2020","8/21/2020","Sophie",NA,1076.76,7.6696
"80",3,15,"1","64","3","2",1083.4011,"8/10/2020","8/21/2020","Sophie",NA,1087.38,3.9789
"81",3,16,"1","31","2","2",1061.3345,"8/10/2020","8/21/2020","Sophie",NA,1070.93,9.5955
"82",3,17,"1","8","2","5",1062.9404,"8/10/2020","8/21/2020","Sophie",NA,1074.19,11.2496
"83",3,18,"1","17","1","1",1067.0136,"8/10/2020","8/21/2020","Sophie",NA,1078.84,11.8264
"84",3,19,"1","18","1","4",1062.0819,"8/10/2020","8/21/2020","Sophie",NA,1077.01,14.9281
"85",3,20,"1","36","2","2",1079.2751,"8/10/2020","8/21/2020","Sophie",NA,1083.4,4.1249
"86",3,21,"1","7","3","1",1080.5774,"8/10/2020","8/21/2020","Sophie",NA,1087.59,7.0126
"87",3,22,"1","69","2","1",1067.5235,"8/10/2020","8/21/2020","Sophie",NA,1076.05,8.5265
"88",3,23,"1","30","5","4",1077.0782,"8/10/2020","8/21/2020","Sophie",NA,1085.6,8.5218
"89",3,24,"2","4","4","5",1067.0565,"8/10/2020","8/21/2020","Sophie",NA,1087.72,20.6635
"90",3,25,"2","16","3","4",1068.2994,"8/10/2020","8/21/2020","Sophie",NA,1072.94,4.6406
"91",3,26,"2","62","3","1",1066.3429,"8/10/2020","8/21/2020","Sophie",NA,1071.58,5.2371
"92",3,27,"2","39","4","2",1071.5776,"8/10/2020","8/21/2020","Sophie",NA,1081.21,9.6324
"93",3,28,"2","77","3","2",1056.322,"8/10/2020","8/21/2020","Sophie",NA,1079.35,23.028
"94",3,29,"2","4","4","4",1066.7028,"8/10/2020","8/19/2020","Sophie",NA,1071.98,5.2772
"95",3,30,"2","72","1","3",1082.7313,"8/10/2020","8/19/2020","Sophie",NA,1088.55,5.8187
"96",3,31,"2","56","4","4",1061.675,"8/10/2020","8/19/2020","Sophie",NA,1070.82,9.145
"97",3,33,"2","21","2","5",1080.8294,"8/10/2020","8/19/2020","Sophie",NA,1094.83,14.0006
"98",3,34,"2","31","1","3",1080.5224,"8/10/2020","8/19/2020","Sophie",NA,1096.32,15.7976
"99",3,35,"2","77","5","5",1069.1047,"8/10/2020","8/19/2020","Sophie",NA,1092.69,23.5853
"100",3,36,"2","72","2","3",1069.7067,"8/10/2020","8/19/2020","Sophie",NA,1073.73,4.0233
"101",3,37,"2","56","2","1",1067.221,"8/10/2020","8/19/2020","Sophie",NA,1071.75,4.529
"102",3,38,"2","46","2","3",1072.2884,"8/10/2020","8/19/2020","Sophie",NA,1082.64,10.3516
"103",3,39,"2","49","5","3",1068.3009,"8/10/2020","8/19/2020","Sophie",NA,1077.41,9.1091
"104",3,40,"2","12","5","3",1078.8292,"8/10/2020","8/19/2020","Sophie",NA,1090.02,11.1908
"105",3,41,"2","67","4","3",1086.4242,"8/10/2020","8/19/2020","Sophie",NA,1104.07,17.6458
"106",3,42,"2","46","2","2",1079.2771,"8/10/2020","8/19/2020","Sophie",NA,1087.62,8.3429
"107",3,43,"2","40","5","2",1080.2917,"8/10/2020","8/19/2020","Sophie",NA,1085.08,4.7883
"108",3,44,"2","67","2","5",1065.9132,"8/10/2020","8/19/2020","Sophie",NA,1077.92,12.0068
"109",3,45,"2","1","1","5",1081.6766,"8/10/2020","8/19/2020","Sophie",NA,1088.97,7.2934
"110",3,46,"2","19","1","1",1063.8014,"8/10/2020","8/19/2020","Sophie",NA,1075.51,11.7086
"111",4,1,"1","21","4","1",1060.4556,"8/10/2020","8/19/2020","Sophie",NA,1078.5,18.0444
"112",4,2,"1","79","2","1",1067.5208,"8/10/2020","8/19/2020","Sophie",NA,1074.22,6.6992
"113",4,3,"1","12","4","1",1081.7845,"8/10/2020","8/19/2020","Sophie",NA,1087.72,5.9355
"114",4,5,"1","47","1","1",1069.1694,"8/10/2020","8/19/2020","Sophie",NA,1080.16,10.9906
"115",4,6,"1","21","2","3",1061.2767,"8/10/2020","8/19/2020","Sophie",NA,1086.32,25.0433
"116",4,7,"1","1","2","1",1071.2503,"8/10/2020","8/19/2020","Sophie",NA,1077,5.7497
"117",4,8,"1","1","2","2",1064.9348,"8/10/2020","8/19/2020","Sophie",NA,1070.08,5.1452
"118",4,9,"1","30","4","3",1066.4935,"8/10/2020","8/19/2020","Sophie",NA,1072.2,5.7065
"119",4,11,"1","1","4","1",1069.0673,"8/10/2020","8/19/2020","Sophie",NA,1073.04,3.9727
"120",4,13,"1","17","4","4",1082.2992,"8/10/2020","8/19/2020","Sophie",NA,1087.17,4.8708
"121",4,14,"1","79","4","4",1071.9931,"8/10/2020","8/19/2020","Sophie",NA,1078.51,6.5169
"122",4,15,"1","36","2","1",1080.1766,"8/10/2020","8/19/2020","Sophie",NA,1084.86,4.6834
"123",4,16,"1","4","1","1",1068.2441,"8/10/2020","8/19/2020","Sophie",NA,1073.87,5.6259
"124",4,17,"1","56","4","2",1059.4888,"8/10/2020","8/19/2020","Sophie",NA,1064.01,4.5212
"125",4,18,"1","67","1","4",1064.6028,"8/10/2020","8/19/2020","Sophie",NA,1070.13,5.5272
"126",4,19,"1","2","3","1",1072.4667,"8/10/2020","8/19/2020","Sophie",NA,1075.9,3.4333
"127",4,20,"1","8","1","1",1078.5538,"8/10/2020","8/19/2020","Sophie",NA,1087.01,8.4562
"128",4,21,"1","72","5","5",1075.8115,"8/10/2020","8/19/2020","Sophie",NA,1078.74,2.9285
"129",4,23,"1","74","2","5",1085.3711,"8/10/2020","8/19/2020","Sophie",NA,1088.65,3.2789
"130",4,25,"2","15","2","5",1066.2703,"8/10/2020","8/19/2020","Sophie",NA,1078.49,12.2197
"131",4,26,"2","56","2","3",1075.1854,"8/10/2020","8/19/2020","Sophie",NA,1078.76,3.5746
"132",4,27,"2","32","1","2",1081.0161,"8/10/2020","8/19/2020","Sophie",NA,1089.31,8.2939
"133",4,28,"2","68","4","3",1063.3488,"8/10/2020","8/19/2020","Sophie",NA,1084.04,20.6912
"134",4,29,"2","23","1","2",1080.0248,"8/10/2020","8/19/2020","Sophie",NA,1095.45,15.4252
"135",4,30,"2","4","1","4",1073.4954,"8/10/2020","8/19/2020","Sophie",NA,1081.7,8.2046
"136",4,31,"2","6","3","1",1071.1651,"8/10/2020","8/19/2020","Sophie",NA,1075.99,4.8249
"137",4,32,"2","72","5","3",1061.5531,"8/10/2020","8/19/2020","Sophie",NA,1073.72,12.1669
"138",4,33,"2","4","3","2",1058.4032,"8/10/2020","8/19/2020","Sophie",NA,1066.19,7.7868
"139",4,34,"2","51","4","3",1068.0307,"8/10/2020","8/19/2020","Sophie",NA,1077.06,9.0293
"140",4,36,"2","7","5","5",1070.3437,"8/10/2020","8/19/2020","Sophie",NA,1078.1,7.7563
"141",4,37,"2","36","5","3",1062.9049,"8/10/2020","8/19/2020","Sophie",NA,1070.66,7.7551
"142",4,38,"2","40","5","3",1067.4603,"8/10/2020","8/19/2020","Sophie",NA,1082.18,14.7197
"143",4,39,"2","18","1","1",1061.1418,"8/10/2020","8/19/2020","Sophie",NA,1067.24,6.0982
"144",4,40,"2","36","1","4",1062.21,"8/10/2020","8/19/2020","Sophie",NA,1079.11,16.9
"145",4,41,"2","36","1","5",1062.8369,"8/10/2020","8/19/2020","Sophie",NA,1071.79,8.9531
"146",4,42,"2","2","2","2",1058.5399,"8/10/2020","8/19/2020","Sophie",NA,1064.7,6.1601
"147",4,43,"2","1","3","5",1072.7682,"8/10/2020","8/19/2020","Sophie",NA,1083.26,10.4918
"148",4,44,"2","61","4","4",1084.6059,"8/10/2020","8/19/2020","Sophie",NA,1090.23,5.6241
"149",4,45,"2","18","5","2",1081.1028,"8/10/2020","8/19/2020","Sophie",NA,1086.05,4.9472
"150",4,46,"2","46","4","1",1070.818,"8/10/2020","8/19/2020","Sophie",NA,1077.53,6.712
"151",5,1,"1","77","1","1",1082.3679,"8/10/2020","8/19/2020","Sophie",NA,1096.33,13.9621
"152",5,2,"1","21","5","3",1072.3703,"8/10/2020","8/19/2020","Sophie",NA,1079.62,7.2497
"153",5,3,"1","19","3","5",1070.4838,"8/10/2020","8/19/2020","Sophie",NA,1075.22,4.7362
"154",5,5,"1","32","1","3",1074.1986,"8/10/2020","8/19/2020","Sophie",NA,1077.35,3.1514
"155",5,6,"1","8","3","5",1070.7112,"8/10/2020","8/19/2020","Sophie",NA,1079.54,8.8288
"156",5,7,"1","11","1","2",1064.1428,"8/10/2020","8/19/2020","Sophie",NA,1075.45,11.3072
"157",5,8,"1","4","5","2",1064.1279,"8/10/2020","8/19/2020","Sophie",NA,1077.26,13.1321
"158",5,11,"1","3","2","4",1067.7851,"8/10/2020","8/19/2020","Sophie",NA,1070.57,2.7849
"159",5,13,"1","21","3","1",1061.1324,"8/10/2020","8/19/2020","Sophie",NA,1067.52,6.3876
"160",5,14,"1","49","2","3",1062.6541,"8/10/2020","8/19/2020","Sophie",NA,1065.72,3.0659
"161",5,15,"1","72","3","5",1069.604,"8/10/2020","8/19/2020","Sophie",NA,1082.1,12.496
"162",5,16,"1","47","1","5",1069.6892,"8/10/2020","8/19/2020","Sophie",NA,1079.67,9.9808
"163",5,18,"1","46","5","3",1070.1407,"8/10/2020","8/19/2020","Sophie",NA,1082.28,12.1393
"164",5,19,"1","21","3","5",1073.799,"8/10/2020","8/19/2020","Sophie",NA,1079.37,5.571
"165",5,20,"1","9","1","5",1079.5891,"8/10/2020","8/19/2020","Sophie",NA,1086.2,6.6109
"166",5,21,"1","47","4","5",1070.6354,"8/10/2020","8/19/2020","Sophie",NA,1075.92,5.2846
"167",5,22,"1","13","1","4",1086.2272,"8/10/2020","8/19/2020","Sophie",NA,1094.63,8.4028
"168",5,23,"2","3","4","3",1065.9688,"8/10/2020","8/19/2020","Sophie",NA,1070.22,4.2512
"169",5,24,"2","62","1","1",1066.4593,"8/10/2020","8/19/2020","Sophie",NA,1070.39,3.9307
"170",5,25,"2","12","5","2",1074.3067,"8/10/2020","8/19/2020","Sophie",NA,1077.98,3.6733
"171",5,26,"2","74","2","1",1078.4447,"8/10/2020","8/19/2020","Sophie",NA,1095.66,17.2153
"172",5,27,"2","30","5","2",1067.5085,"8/10/2020","8/19/2020","Sophie",NA,1074.37,6.8615
"173",5,28,"2","79","1","3",1078.459,"8/10/2020","8/19/2020","Sophie",NA,1084.49,6.031
"174",5,29,"2","17","1","3",1064.9647,"8/10/2020","8/19/2020","Sophie",NA,1069.97,5.0053
"175",5,30,"2","6","5","4",1064.6925,"8/10/2020","8/19/2020","Sophie",NA,1069.99,5.2975
"176",5,31,"2","77","4","2",1083.8062,"8/10/2020","8/19/2020","Sophie",NA,1093.96,10.1538
"177",5,32,"2","27","5","3",1062.552,"8/10/2020","8/19/2020","Sophie",NA,1064.32,1.768
"178",5,33,"2","40","3","1",1085.45,"8/10/2020","8/19/2020","Sophie",NA,1087.55,2.1
"179",5,34,"2","67","5","1",1061.0908,"8/10/2020","8/19/2020","Sophie",NA,1067.02,5.9292
"180",5,35,"2","17","5","1",1066.3334,"8/10/2020","8/19/2020","Sophie",NA,1074.48,8.1466
"181",5,36,"2","41","1","5",1063.065,"8/10/2020","8/19/2020","Sophie",NA,1067.72,4.655
"182",5,37,"2","8","3","3",1069.5973,"8/10/2020","8/19/2020","Sophie",NA,1073.64,4.0427
"183",5,38,"2","72","4","3",1065.4782,"8/10/2020","8/19/2020","Sophie",NA,1068.88,3.4018
"184",5,39,"2","77","5","1",1066.6486,"8/10/2020","8/19/2020","Sophie",NA,1075.11,8.4614
"185",5,40,"2","14","1","4",1059.0844,"8/10/2020","8/19/2020","Sophie",NA,1062.41,3.3256
"186",5,41,"2","2","1","5",1069.7345,"8/10/2020","8/19/2020","Sophie",NA,1075.19,5.4555
"187",5,42,"2","39","5","3",1079.5837,"8/10/2020","8/19/2020","Sophie",NA,1090.09,10.5063
"188",5,43,"2","36","3","4",1068.0288,"8/10/2020","8/19/2020","Sophie",NA,1078.16,10.1312
"189",5,44,"2","69","1","4",1063.1692,"8/10/2020","8/19/2020","Sophie",NA,1069.26,6.0908
"190",5,45,"2","64","1","2",1060.6573,"8/10/2020","8/19/2020","Sophie",NA,1065.17,4.5127
"191",6,1,"1","36","4","4",1069.659,"8/10/2020","8/19/2020","Sophie",NA,1076.42,6.761
"192",6,2,"1","61","4","5",1071.7294,"8/10/2020","8/19/2020","Sophie",NA,1079.52,7.7906
"193",6,3,"1","2","2","3",1071.3094,"8/10/2020","8/19/2020","Sophie",NA,1078.55,7.2406
"194",6,4,"1","27","3","3",1075.3562,"8/10/2020","8/19/2020","Sophie",NA,1079.98,4.6238
"195",6,5,"1","11","2","4",1058.2037,"8/10/2020","8/19/2020","Sophie",NA,1066.56,8.3563
"196",6,6,"1","12","1","4",1074.453,"8/10/2020","8/19/2020","Sophie",NA,1079.21,4.757
"197",6,7,"1","57","5","3",1064.278,"8/10/2020","8/19/2020","Sophie",NA,1071.92,7.642
"198",6,8,"1","7","5","3",1078.8004,"8/10/2020","8/19/2020","Sophie",NA,1083.76,4.9596
"199",6,9,"1","21","4","4",1068.2737,"8/10/2020","8/19/2020","Sophie",NA,1078.74,10.4663
"200",6,11,"1","40","5","5",1072.9577,"8/10/2020","8/19/2020","Sophie",NA,1082.41,9.4523
"201",6,12,"1","7","5","2",1085.2695,"8/10/2020","8/19/2020","Sophie",NA,1092.34,7.0705
"202",6,13,"1","46","5","1",1061.9698,"8/10/2020","8/19/2020","Sophie",NA,1067.18,5.2102
"203",6,14,"1","36","2","5",1056.4236,"8/10/2020","8/19/2020","Sophie",NA,1071.92,15.4964
"204",6,15,"1","26","1","2",1066.3726,"8/10/2020","8/19/2020","Sophie",NA,1073.2,6.8274
"205",6,16,"1","51","2","1",1067.6891,"8/10/2020","8/19/2020","Sophie",NA,1072.75,5.0609
"206",6,19,"1","19","5","2",1061.6323,"8/10/2020","8/19/2020","Sophie",NA,1066.84,5.2077
"207",6,20,"1","3","5","1",1076.9356,"8/10/2020","8/19/2020","Sophie",NA,1092.49,15.5544
"208",6,22,"1","79","4","1",1069.4109,"8/10/2020","8/19/2020","Sophie",NA,1075.64,6.2291
"209",6,23,"2","21","2","2",1084.8994,"8/10/2020","8/19/2020","Kavya",NA,1092.99,8.0906
"210",6,24,"2","77","4","5",1065.4794,"8/10/2020","8/19/2020","Kavya",NA,1075.04,9.5606
"211",6,25,"2","72","2","4",1067.0577,"8/10/2020","8/19/2020","Kavya",NA,1069.1,2.0423
"212",6,26,"2","1","1","3",1083.0006,"8/10/2020","8/19/2020","Kavya",NA,1098.23,15.2294
"213",6,27,"2","5","5","3",1065.9294,"8/10/2020","8/19/2020","Kavya",NA,1071.46,5.5306
"214",6,28,"2","36","1","1",1073.0394,"8/10/2020","8/19/2020","Kavya",NA,1076.51,3.4706
"215",6,29,"2","62","3","4",1082.0941,"8/10/2020","8/19/2020","Kavya",NA,1084.56,2.4659
"216",6,30,"2","12","5","4",1069.4973,"8/10/2020","8/19/2020","Kavya",NA,1075.47,5.9727
"217",6,31,"2","18","4","3",1077.4029,"8/10/2020","8/19/2020","Kavya",NA,1091.84,14.4371
"218",6,32,"2","18","2","1",1061.4597,"8/10/2020","8/19/2020","Kavya",NA,1065.75,4.2903
"219",6,33,"2","14","1","1",1065.7193,"8/10/2020","8/19/2020","Kavya",NA,1077.57,11.8507
"220",6,35,"2","1","3","4",1063.6059,"8/10/2020","8/19/2020","Kavya",NA,1073.51,9.9041
"221",6,36,"2","74","2","3",1070.2676,"8/10/2020","8/19/2020","Kavya",NA,1088.82,18.5524
"222",6,37,"2","17","3","2",1063.1366,"8/10/2020","8/19/2020","Kavya",NA,1064.68,1.5434
"223",6,38,"2","1","4","5",1068.7493,"8/10/2020","8/19/2020","Kavya",NA,1073.12,4.3707
"224",6,39,"2","62","4","1",1064.0657,"8/10/2020","8/19/2020","Kavya",NA,1075.94,11.8743
"225",6,40,"2","17","2","1",1081.6462,"8/10/2020","8/19/2020","Kavya",NA,1091.68,10.0338
"226",6,41,"2","42","1","2",1064.3314,"8/10/2020","8/19/2020","Kavya",NA,1076.37,12.0386
"227",6,43,"2","79","2","5",1080.2193,"8/10/2020","8/19/2020","Kavya",NA,1095.44,15.2207
"228",6,44,"2","17","5","2",1068.3377,"8/10/2020","8/19/2020","Kavya",NA,1073.37,5.0323
"229",6,45,"2","18","2","4",1078.7958,"8/10/2020","8/19/2020","Kavya",NA,1086.8,8.0042
"230",6,46,"2","7","4","3",1064.3448,"8/10/2020","8/19/2020","Kavya",NA,1071.95,7.6052
"231",7,1,"1","3","2","5",1059.6946,"8/10/2020","8/19/2020","Kavya",NA,1068.86,9.1654
"232",7,3,"1","7","1","3",1063.6822,"8/10/2020","8/19/2020","Kavya",NA,1072.53,8.8478
"233",7,4,"1","47","2","2",1062.8253,"8/10/2020","8/19/2020","Kavya",NA,1063.86,1.0347
"234",7,5,"1","62","1","5",1071.5721,"8/10/2020","8/19/2020","Kavya",NA,1073.53,1.9579
"235",7,7,"1","67","2","1",1072.7203,"8/10/2020","8/19/2020","Kavya",NA,1095.38,22.6597
"236",7,8,"1","5","5","4",1070.7685,"8/10/2020","8/19/2020","Kavya",NA,1083.73,12.9615
"237",7,9,"1","39","2","4",1061.6378,"8/10/2020","8/19/2020","Kavya",NA,1065.92,4.2822
"238",7,10,"1","79","3","4",1063.4439,"8/10/2020","8/19/2020","Kavya",NA,1082.29,18.8461
"239",7,11,"1","47","4","4",1072.5205,"8/10/2020","8/19/2020","Kavya",NA,1078.71,6.1895
"240",7,12,"1","4","4","2",1072.4595,"8/10/2020","8/19/2020","Kavya",NA,1077.47,5.0105
"241",7,13,"1","19","2","2",1064.0404,"8/10/2020","8/19/2020","Kavya",NA,1067.47,3.4296
"242",7,14,"1","46","5","5",1080.9949,"8/10/2020","8/19/2020","Kavya",NA,1092.33,11.3351
"243",7,15,"1","7","4","4",1064.0788,"8/10/2020","8/19/2020","Kavya",NA,1071.06,6.9812
"244",7,16,"1","68","1","5",1064.8046,"8/10/2020","8/19/2020","Kavya",NA,1073.94,9.1354
"245",7,17,"1","5","2","4",1067.2233,"8/10/2020","8/19/2020","Kavya",NA,1071.63,4.4067
"246",7,18,"1","5","3","2",1070.2562,"8/10/2020","8/19/2020","Kavya",NA,1077.39,7.1338
"247",7,19,"1","29","1","2",1066.5697,"8/10/2020","8/19/2020","Kavya",NA,1069.72,3.1503
"248",7,20,"1","79","3","3",1071.2677,"8/10/2020","8/19/2020","Kavya",NA,1089.7,18.4323
"249",7,21,"1","35","3","2",1078.8253,"8/10/2020","8/19/2020","Kavya",NA,1092.28,13.4547
"250",7,22,"1","35","4","4",1079.1051,"8/10/2020","8/19/2020","Kavya",NA,1081.52,2.4149
"251",7,24,"2","7","2","3",1066.7465,"8/10/2020","8/19/2020","Kavya",NA,1069.31,2.5635
"252",7,25,"2","12","2","4",1078.7139,"8/10/2020","8/19/2020","Kavya",NA,1081.18,2.4661
"253",7,26,"2","67","1","5",1059.4678,"8/10/2020","8/19/2020","Kavya",NA,1075.45,15.9822
"254",7,27,"2","30","2","4",1071.5964,"8/10/2020","8/19/2020","Kavya",NA,1085.17,13.5736
"255",7,28,"2","8","2","2",1072.5275,"8/10/2020","8/19/2020","Kavya",NA,1084.07,11.5425
"256",7,29,"2","39","2","5",1062.6855,"8/10/2020","8/19/2020","Kavya",NA,1068.43,5.7445
"257",7,30,"2","56","3","5",1080.2984,"8/10/2020","8/19/2020","Kavya",NA,1084.62,4.3216
"258",7,31,"2","62","2","3",1073.2021,"8/10/2020","8/19/2020","Kavya",NA,1081.33,8.1279
"259",7,33,"2","12","2","2",1077.0017,"8/10/2020","8/19/2020","Kavya",NA,1091.4,14.3983
"260",7,34,"2","57","4","5",1070.5639,"8/10/2020","8/19/2020","Kavya",NA,1079.59,9.0261
"261",7,36,"2","79","5","1",1073.813,"8/10/2020","8/19/2020","Kavya",NA,1084.65,10.837
"262",7,37,"2","1","1","1",1063.8095,"8/10/2020","8/19/2020","Kavya",NA,1080.57,16.7605
"263",7,38,"2","64","3","4",1058.8255,"8/10/2020","8/19/2020","Kavya",NA,1069.94,11.1145
"264",7,40,"2","30","4","4",1069.9812,"8/10/2020","8/18/2020","Kavya",NA,1089.05,19.0688
"265",7,41,"2","16","3","5",1084.8956,"8/10/2020","8/18/2020","Kavya",NA,1102.76,17.8644
"266",7,46,"2","29","5","2",1065.3336,"8/10/2020","8/18/2020","Kavya",NA,1076,10.6664
"267",8,2,"1","57","1","2",1061.4377,"8/10/2020","8/18/2020","Sophie",NA,1068.3,6.8623
"268",8,3,"1","67","3","2",1083.6257,"8/10/2020","8/18/2020","Sophie",NA,1116.22,32.5943
"269",8,4,"1","21","5","1",1085.1954,"8/10/2020","8/18/2020","Sophie",NA,1092.21,7.0146
"270",8,5,"1","13","5","4",1083.2432,"8/10/2020","8/18/2020","Sophie",NA,1088.87,5.6268
"271",8,6,"1","74","1","3",1068.4985,"8/10/2020","8/18/2020","Sophie",NA,1099.77,31.2715
"272",8,7,"1","17","1","4",1065.3614,"8/10/2020","8/18/2020","Sophie",NA,1071,5.6386
"273",8,8,"1","15","4","4",1071.4366,"8/10/2020","8/18/2020","Sophie",NA,1077.82,6.3834
"274",8,9,"1","7","3","2",1066.1426,"8/10/2020","8/18/2020","Sophie",NA,1077.79,11.6474
"275",8,10,"1","12","3","2",1064.5187,"8/10/2020","8/18/2020","Sophie",NA,1069.06,4.5413
"276",8,11,"1","11","4","5",1061.4159,"8/10/2020","8/18/2020","Sophie",NA,1071.72,10.3041
"277",8,12,"1","20","5","1",1062.8708,"8/10/2020","8/18/2020","Sophie",NA,1069.3,6.4292
"278",8,13,"1","72","4","5",1067.5789,"8/10/2020","8/18/2020","Sophie",NA,1079.89,12.3111
"279",8,14,"1","62","2","5",1061.5563,"8/10/2020","8/18/2020","Sophie",NA,1067.1,5.5437
"280",8,15,"1","15","1","5",1063.7012,"8/10/2020","8/18/2020","Sophie",NA,1081.33,17.6288
"281",8,16,"1","14","3","2",1085.9534,"8/10/2020","8/18/2020","Sophie",NA,1091.94,5.9866
"282",8,18,"1","62","1","2",1071.3027,"8/10/2020","8/18/2020","Sophie",NA,1074.21,2.9073
"283",8,19,"1","47","5","1",1069.5752,"8/10/2020","8/18/2020","Sophie",NA,1074.57,4.9948
"284",8,20,"1","15","5","1",1070.2253,"8/10/2020","8/18/2020","Sophie",NA,1079.44,9.2147
"285",8,21,"1","16","2","1",1081.8488,"8/10/2020","8/18/2020","Sophie",NA,1093.11,11.2612
"286",8,22,"1","29","4","3",1072.9337,"8/10/2020","8/18/2020","Sophie",NA,1081.34,8.4063
"287",8,23,"2","68","5","2",1062.9142,"8/10/2020","8/18/2020","Sophie",NA,1067.95,5.0358
"288",8,24,"2","4","2","2",1067.1825,"8/10/2020","8/18/2020","Sophie",NA,1070.79,3.6075
"289",8,25,"2","46","2","5",1082.3796,"8/10/2020","8/18/2020","Sophie",NA,1083.9,1.5204
"290",8,26,"2","68","4","1",1063.1758,"8/10/2020","8/18/2020","Sophie",NA,1071.88,8.7042
"291",8,27,"2","6","3","5",1081.3529,"8/10/2020","8/18/2020","Sophie",NA,1096.15,14.7971
"292",8,28,"2","7","1","2",1062.4979,"8/10/2020","8/18/2020","Sophie",NA,1067.92,5.4221
"293",8,29,"2","35","3","5",1072.6377,"8/10/2020","8/18/2020","Sophie",NA,1075.8,3.1623
"294",8,30,"2","39","3","3",1064.1245,"8/10/2020","8/18/2020","Sophie",NA,1070.38,6.2555
"295",8,31,"2","62","4","4",1068.2398,"8/10/2020","8/18/2020","Sophie",NA,1099.79,31.5502
"296",8,32,"2","4","3","3",1069.5374,"8/10/2020","8/18/2020","Sophie",NA,1077.37,7.8326
"297",8,33,"2","21","1","2",1083.3736,"8/10/2020","8/18/2020","Sophie",NA,1099.99,16.6164
"298",8,34,"2","77","4","3",1064.5684,"8/10/2020","8/18/2020","Sophie",NA,1072.19,7.6216
"299",8,35,"2","17","4","2",1063.1819,"8/10/2020","8/18/2020","Sophie",NA,1071.02,7.8381
"300",8,36,"2","27","5","2",1064.5283,"8/10/2020","8/18/2020","Sophie",NA,1067.73,3.2017
"301",8,37,"2","26","1","1",1064.0903,"8/10/2020","8/18/2020","Sophie",NA,1069.67,5.5797
"302",8,38,"2","17","3","1",1084.505,"8/10/2020","8/18/2020","Sophie",NA,1092.37,7.865
"303",8,40,"2","39","3","5",1062.6666,"8/10/2020","8/18/2020","Sophie",NA,1066.82,4.1534
"304",8,41,"2","64","2","2",1075.5455,"8/10/2020","8/18/2020","Sophie",NA,1078.57,3.0245
"305",8,42,"2","64","3","3",1073.4381,"8/10/2020","8/18/2020","Sophie",NA,1077.13,3.6919
"306",8,43,"2","39","4","1",1084.1154,"8/10/2020","8/18/2020","Sophie",NA,1102.56,18.4446
"307",8,44,"2","62","1","3",1066.984,"8/10/2020","8/18/2020","Sophie",NA,1070.65,3.666
"308",8,45,"2","67","2","2",1085.1775,"8/10/2020","8/18/2020","Sophie",NA,1090.14,4.9625
"309",9,1,"1","28","1","5",1080.2626,"8/10/2020","8/18/2020","Sophie",NA,1095.28,15.0174
"310",9,2,"1","4","3","1",1069.3515,"8/10/2020","8/18/2020","Sophie",NA,1078.88,9.5285
"311",9,4,"1","27","4","1",1065.6067,"8/10/2020","8/18/2020","Sophie",NA,1077.62,12.0133
"312",9,5,"1","1","4","3",1066.9739,"8/10/2020","8/18/2020","Sophie",NA,1073.85,6.8761
"313",9,6,"1","49","5","5",1070.3297,"8/10/2020","8/18/2020","Sophie",NA,1076.3,5.9703
"314",9,7,"1","39","3","4",1085.8231,"8/10/2020","8/18/2020","Sophie",NA,1097.18,11.3569
"315",9,8,"1","77","3","1",1067.6953,"8/10/2020","8/18/2020","Sophie",NA,1108.56,40.8647
"316",9,9,"1","3","2","2",1071.2505,"8/10/2020","8/18/2020","Sophie",NA,1082.86,11.6095
"317",9,11,"1","17","2","5",1070.2348,"8/10/2020","8/18/2020","Sophie",NA,1075.51,5.2752
"318",9,12,"1","51","4","2",1080.6358,"8/10/2020","8/18/2020","Sophie",NA,1083.58,2.9442
"319",9,13,"1","79","1","1",1072.4639,"8/10/2020","8/18/2020","Sophie",NA,1078.11,5.6461
"320",9,15,"1","13","5","2",1081.0178,"8/10/2020","8/18/2020","Sophie",NA,1083.8,2.7822
"321",9,16,"1","30","5","3",1075.5666,"8/10/2020","8/18/2020","Sophie",NA,1085.34,9.7734
"322",9,17,"1","39","3","2",1065.2818,"8/10/2020","8/18/2020","Sophie",NA,1069.59,4.3082
"323",9,19,"1","72","3","1",1059.1586,"8/10/2020","8/18/2020","Sophie",NA,1070.6,11.4414
"324",9,20,"1","7","3","3",1065.554,"8/10/2020","8/18/2020","Sophie",NA,1069,3.446
"325",9,21,"1","79","4","2",1071.537,"8/10/2020","8/18/2020","Sophie",NA,1083.17,11.633
"326",9,23,"2","45","2","1",1076.8793,"8/10/2020","8/18/2020","Sophie",NA,1088.36,11.4807
"327",9,24,"2","27","4","5",1069.4164,"8/10/2020","8/18/2020","Sophie",NA,1077.81,8.3936
"328",9,25,"2","64","5","3",1073.2975,"8/10/2020","8/18/2020","Sophie",NA,1084.13,10.8325
"329",9,26,"2","77","1","2",1073.9324,"8/10/2020","8/18/2020","Sophie",NA,1087.23,13.2976
"330",9,28,"2","7","3","5",1061.9013,"8/10/2020","8/18/2020","Sophie",NA,1072.75,10.8487
"331",9,29,"2","35","4","1",1073.3298,"8/10/2020","8/18/2020","Sophie",NA,1083.04,9.7102
"332",9,30,"2","36","4","1",1076.5244,"8/10/2020","8/18/2020","Sophie",NA,1081.03,4.5056
"333",9,31,"2","45","2","4",1071.4423,"8/10/2020","8/18/2020","Sophie",NA,1077.52,6.0777
"334",9,33,"2","77","5","3",1068.6426,"8/10/2020","8/18/2020","Sophie",NA,1080.78,12.1374
"335",9,35,"2","49","3","1",1073.9615,"8/10/2020","8/18/2020","Sophie",NA,1084.25,10.2885
"336",9,36,"2","39","5","2",1066.9565,"8/10/2020","8/18/2020","Sophie",NA,1070.89,3.9335
"337",9,37,"2","6","4","4",1081.9331,"8/10/2020","8/18/2020","Sophie",NA,1086.3,4.3669
"338",9,38,"2","57","5","4",1061.7428,"8/10/2020","8/18/2020","Sophie",NA,1073.72,11.9772
"339",9,39,"2","15","5","4",1072.3914,"8/10/2020","8/18/2020","Sophie",NA,1081.87,9.4786
"340",9,40,"2","62","5","5",1069.9892,"8/10/2020","8/18/2020","Sophie",NA,1089.42,19.4308
"341",9,42,"2","47","5","4",1063.7463,"8/10/2020","8/18/2020","Sophie",NA,1068.62,4.8737
"342",9,43,"2","35","2","2",1061.5791,"8/10/2020","8/18/2020","Sophie",NA,1067.94,6.3609
"343",9,44,"2","5","2","3",1069.3168,"8/10/2020","8/18/2020","Sophie",NA,1072.99,3.6732
"344",9,45,"2","72","3","4",1080.6346,"8/10/2020","8/18/2020","Sophie",NA,1090.74,10.1054
"345",9,46,"2","1","1","4",1065.9172,"8/10/2020","8/18/2020","Sophie",NA,1071.62,5.7028
"346",10,1,"1","14","4","5",1080.2532,"8/10/2020","8/18/2020","Sophie",NA,1084.9,4.6468
"347",10,2,"1","62","4","5",1069.9343,"8/10/2020","8/18/2020","Sophie",NA,1085.5,15.5657
"348",10,3,"1","79","3","1",1068.8773,"8/10/2020","8/18/2020","Sophie",NA,1074.06,5.1827
"349",10,4,"1","56","4","1",1066.7763,"8/10/2020","8/18/2020","Sophie",NA,1072.4,5.6237
"350",10,5,"1","1","5","2",1059.406,"8/10/2020","8/18/2020","Sophie",NA,1066.54,7.134
"351",10,6,"1","62","4","2",1081.464,"8/10/2020","8/18/2020","Sophie",NA,1090.36,8.896
"352",10,8,"1","42","1","1",1068.9418,"8/10/2020","8/18/2020","Sophie",NA,1074.09,5.1482
"353",10,9,"1","69","1","2",1086.2036,"8/10/2020","8/18/2020","Sophie",NA,1106.87,20.6664
"354",10,10,"1","67","4","5",1072.087,"8/10/2020","8/18/2020","Sophie",NA,1083.75,11.663
"355",10,11,"1","16","3","3",1080.5303,"8/10/2020","8/18/2020","Sophie",NA,1084.91,4.3797
"356",10,12,"1","72","4","4",1080.0703,"8/10/2020","8/18/2020","Sophie",NA,1094.33,14.2597
"357",10,13,"1","12","3","4",1065.187,"8/10/2020","8/18/2020","Sophie",NA,1074.98,9.793
"358",10,14,"1","42","2","1",1070.0799,"8/10/2020","8/18/2020","Sophie",NA,1078.2,8.1201
"359",10,15,"1","61","3","3",1061.4819,"8/10/2020","8/18/2020","Sophie",NA,1066.94,5.4581
"360",10,16,"1","23","1","4",1081.1764,"8/10/2020","8/18/2020","Sophie",NA,1089.98,8.8036
"361",10,17,"1","17","5","3",1061.5438,"8/10/2020","8/18/2020","Sophie",NA,1072.12,10.5762
"362",10,18,"1","72","1","5",1082.8749,"8/10/2020","8/18/2020","Sophie",NA,1087.43,4.5551
"363",10,19,"1","9","2","4",1066.4602,"8/10/2020","8/18/2020","Sophie",NA,1086.49,20.0298
"364",10,20,"1","31","2","1",1075.0903,"8/10/2020","8/18/2020","Sophie",NA,1086.9,11.8097
"365",10,22,"1","46","1","1",1068.5357,"8/10/2020","8/18/2020","Sophie",NA,1074.78,6.2443
"366",10,23,"1","31","3","3",1064.4882,"8/10/2020","8/18/2020","Sophie",NA,1070.66,6.1718
"367",10,24,"2","5","3","5",1086.6935,"8/10/2020","8/18/2020","Sophie",NA,1088.88,2.1865
"368",10,25,"2","14","1","3",1066.0033,"8/10/2020","8/18/2020","Sophie",NA,1074.3,8.2967
"369",10,26,"2","3","5","4",1065.9595,"8/10/2020","8/18/2020","Sophie",NA,1079.83,13.8705
"370",10,27,"2","30","3","3",1060.0787,"8/10/2020","8/18/2020","Sophie",NA,1065.8,5.7213
"371",10,28,"2","61","4","1",1060.3313,"8/10/2020","8/18/2020","Sophie",NA,1068.45,8.1187
"372",10,29,"2","31","5","2",1076.6712,"8/10/2020","8/18/2020","Sophie",NA,1092.25,15.5788
"373",10,30,"2","41","2","4",1083.9374,"8/10/2020","8/18/2020","Sophie",NA,1087.66,3.7226
"374",10,31,"2","47","4","1",1079.9868,"8/10/2020","8/18/2020","Sophie",NA,1084.15,4.1632
"375",10,34,"2","5","5","2",1068.935,"8/10/2020","8/18/2020","Sophie",NA,1079.89,10.955
"376",10,35,"2","56","2","4",1067.0912,"8/10/2020","8/18/2020","Sophie",NA,1084.28,17.1888
"377",10,36,"2","72","5","1",1063.1128,"8/10/2020","8/18/2020","Sophie",NA,1074.88,11.7672
"378",10,37,"2","57","1","1",1063.5038,"8/11/2020","8/18/2020","Sophie",NA,1080.99,17.4862
"379",10,38,"2","57","1","3",1069.7609,"8/11/2020","8/18/2020","Sophie",NA,1073.07,3.3091
"380",10,39,"2","79","3","5",1067.5734,"8/11/2020","8/18/2020","Sophie",NA,1075.54,7.9666
"381",10,40,"2","68","4","4",1060.2102,"8/11/2020","8/18/2020","Sophie",NA,1063.41,3.1998
"382",10,41,"4","15","2","1",1070.7358,"8/11/2020","8/18/2020","Sophie",NA,1076.84,6.1042
"383",10,42,"4","5","4","4",1071.8967,"8/11/2020","8/18/2020","Sophie",NA,1080.47,8.5733
"384",10,44,"4","61","1","1",1070.5833,"8/11/2020","8/18/2020","Sophie",NA,1076.33,5.7467
"385",10,46,"4","47","4","2",1069.384,"8/11/2020","8/18/2020","Sophie",NA,1073.13,3.746
"386",11,1,"1","64","1","1",1071.3636,"8/11/2020","8/18/2020","Sophie",NA,1079.14,7.7764
"387",11,2,"1","3","4","1",1075.0821,"8/11/2020","8/18/2020","Sophie",NA,1082.95,7.8679
"388",11,3,"1","11","1","3",1070.1208,"8/11/2020","8/18/2020","Sophie",NA,1088.2,18.0792
"389",11,4,"1","11","3","2",1072.5453,"8/11/2020","8/18/2020","Sophie",NA,1080.62,8.0747
"390",11,5,"1","18","3","1",1058.7136,"8/11/2020","8/18/2020","Sophie",NA,1066.65,7.9364
"391",11,7,"1","35","5","3",1072.8056,"8/11/2020","8/18/2020","Sophie",NA,1077.66,4.8544
"392",11,8,"1","64","1","4",1066.8077,"8/11/2020","8/18/2020","Sophie",NA,1074.77,7.9623
"393",11,9,"1","2","1","2",1078.5516,"8/11/2020","8/18/2020","Sophie",NA,1084.01,5.4584
"394",11,10,"1","64","5","1",1071.9916,"8/11/2020","8/18/2020","Sophie",NA,1075.89,3.8984
"395",11,11,"1","36","1","2",1078.5691,"8/11/2020","8/18/2020","Sophie",NA,1089.42,10.8509
"396",11,12,"1","67","5","5",1067.8961,"8/11/2020","8/18/2020","Sophie",NA,1077.25,9.3539
"397",11,13,"1","61","1","5",1064.5872,"8/11/2020","8/18/2020","Sophie",NA,1073.16,8.5728
"398",11,14,"1","74","2","2",1073.385,"8/11/2020","8/17/2020","Sophie",NA,1083.94,10.555
"399",11,15,"1","68","2","5",1072.4055,"8/11/2020","8/17/2020","Sophie",NA,1073.58,1.1745
"400",11,17,"1","40","5","1",1074.1569,"8/11/2020","8/17/2020","Sophie",NA,1077.08,2.9231
"401",11,18,"1","1","2","4",1079.6881,"8/11/2020","8/17/2020","Sophie",NA,1090.79,11.1019
"402",11,19,"1","74","1","5",1059.9896,"8/11/2020","8/17/2020","Sophie",NA,1067.3,7.3104
"403",11,20,"1","2","4","5",1073.7244,"8/11/2020","8/17/2020","Sophie",NA,1081.43,7.7056
"404",11,21,"1","4","2","4",1082.6872,"8/11/2020","8/17/2020","Sophie",NA,1086.35,3.6628
"405",11,22,"1","9","1","2",1072.7106,"8/11/2020","8/17/2020","Sophie",NA,1075.87,3.1594
"406",11,23,"1","39","5","1",1062.0179,"8/11/2020","8/17/2020","Sophie",NA,1073.89,11.8721
"407",11,24,"4","57","2","1",1064.8858,"8/11/2020","8/17/2020","Sophie",NA,1072.32,7.4342
"408",11,26,"4","67","1","3",1059.4048,"8/11/2020","8/17/2020","Sophie",NA,1075.25,15.8452
"409",11,27,"4","42","2","4",1063.2004,"8/11/2020","8/17/2020","Sophie",NA,1072.4,9.1996
"410",11,28,"4","12","2","1",1068.4265,"8/11/2020","8/17/2020","Sophie",NA,1076.78,8.3535
"411",11,30,"4","4","4","1",1073.9386,"8/11/2020","8/17/2020","Sophie",NA,1077.21,3.2714
"412",11,31,"4","17","4","5",1066.301,"8/11/2020","8/17/2020","Sophie",NA,1072.73,6.429
"413",11,32,"4","35","4","3",1081.8195,"8/11/2020","8/17/2020","Sophie",NA,1088.18,6.3605
"414",11,33,"4","68","5","5",1067.7494,"8/11/2020","8/17/2020","Sophie",NA,1079.45,11.7006
"415",11,34,"4","67","1","2",1066.8512,"8/11/2020","8/17/2020","Sophie",NA,1070.47,3.6188
"416",11,35,"4","40","3","2",1063.8803,"8/11/2020","8/17/2020","Sophie",NA,1076.97,13.0897
"417",11,36,"4","68","5","4",1077.087,"8/11/2020","8/17/2020","Sophie",NA,1080.69,3.603
"418",11,38,"4","28","1","2",1064.8024,"8/11/2020","8/17/2020","Sophie",NA,1070.52,5.7176
"419",11,39,"4","26","1","4",1062.8085,"8/11/2020","8/17/2020","Sophie",NA,1073.87,11.0615
"420",11,44,"4","21","3","3",1063.1413,"8/11/2020","8/17/2020","Sophie",NA,1067.72,4.5787
"421",11,45,"4","35","3","3",1066.6777,"8/11/2020","8/17/2020","Sophie",NA,1070.18,3.5023
"422",11,46,"4","31","1","5",1068.7698,"8/11/2020","8/17/2020","Sophie",NA,1077.65,8.8802
"423",12,1,"3","7","1","1",1066.1663,"8/11/2020","8/17/2020","Sophie",NA,1069.05,2.8837
"424",12,2,"3","1","3","2",1066.0778,"8/11/2020","8/17/2020","Sophie",NA,1074.59,8.5122
"425",12,3,"3","47","4","3",1063.1637,"8/11/2020","8/17/2020","Sophie",NA,1069.59,6.4263
"426",12,4,"3","61","1","3",1071.1694,"8/11/2020","8/17/2020","Sophie",NA,1081.78,10.6106
"427",12,5,"3","46","1","2",1066.6373,"8/11/2020","8/17/2020","Sophie",NA,1079.83,13.1927
"428",12,6,"3","79","2","2",1064.5261,"8/11/2020","8/17/2020","Sophie",NA,1064.84,0.3139
"429",12,7,"3","9","1","4",1059.3666,"8/11/2020","8/17/2020","Sophie",NA,1074.38,15.0134
"430",12,8,"3","32","1","1",1065.8335,"8/11/2020","8/17/2020","Sophie",NA,1070.72,4.8865
"431",12,10,"3","72","5","4",1081.6948,"8/11/2020","8/17/2020","Sophie",NA,1097.14,15.4452
"432",12,11,"3","47","1","4",1062.6662,"8/11/2020","8/17/2020","Sophie",NA,1066.44,3.7738
"433",12,12,"3","62","2","2",1061.426,"8/11/2020","8/17/2020","Sophie",NA,1068.96,7.534
"434",12,14,"3","41","2","3",1079.7733,"8/11/2020","8/17/2020","Sophie",NA,1086.07,6.2967
"435",12,16,"3","67","4","2",1063.5723,"8/11/2020","8/17/2020","Sophie",NA,1068.9,5.3277
"436",12,17,"3","8","1","2",1070.1522,"8/11/2020","8/17/2020","Sophie",NA,1076.44,6.2878
"437",12,18,"3","36","5","2",1066.956,"8/11/2020","8/17/2020","Sophie",NA,1070.92,3.964
"438",12,19,"3","57","5","5",1070.5937,"8/11/2020","8/17/2020","Sophie",NA,1081.92,11.3263
"439",12,20,"3","68","2","3",1067.716,"8/11/2020","8/17/2020","Sophie",NA,1069.25,1.534
"440",12,21,"3","23","1","1",1082.2924,"8/11/2020","8/17/2020","Sophie",NA,1087.53,5.2376
"441",12,22,"1","21","4","3",1059.8789,"8/11/2020","8/17/2020","Sophie",NA,1069.87,9.9911
"442",12,23,"1","6","1","1",1074.9188,"8/11/2020","8/17/2020","Sophie",NA,1079.58,4.6612
"443",12,24,"4","17","3","4",1068.195,"8/11/2020","8/17/2020","Sophie",NA,1072.63,4.435
"444",12,25,"4","57","4","4",1065.9894,"8/11/2020","8/17/2020","Sophie",NA,1069.24,3.2506
"445",12,26,"4","29","5","3",1076.6905,"8/11/2020","8/17/2020","Sophie",NA,1078.26,1.5695
"446",12,27,"4","6","1","2",1060.6749,"8/11/2020","8/17/2020","Sophie",NA,1066.75,6.0751
"447",12,30,"4","14","4","3",1059.6274,"8/11/2020","8/17/2020","Sophie",NA,1068.57,8.9426
"448",12,31,"4","51","4","1",1072.8516,"8/11/2020","8/17/2020","Sophie",NA,1086.46,13.6084
"449",12,32,"4","28","4","4",1059.4703,"8/11/2020","8/17/2020","Sophie",NA,1063.87,4.3997
"450",12,33,"4","35","5","2",1070.0061,"8/11/2020","8/17/2020","Sophie",NA,1074.37,4.3639
"451",12,34,"4","61","1","2",1068.9034,"8/11/2020","8/17/2020","Sophie",NA,1071.6,2.6966
"452",12,35,"4","72","3","3",1062.424,"8/11/2020","8/17/2020","Sophie",NA,1064.33,1.906
"453",12,36,"4","14","4","1",1055.7727,"8/11/2020","8/17/2020","Sophie",NA,1058.75,2.9773
"454",12,39,"4","68","1","1",1065.2906,"8/11/2020","8/17/2020","Sophie",NA,1070.13,4.8394
"455",12,43,"4","19","1","5",1070.6935,"8/11/2020","8/17/2020","Sophie",NA,1071.72,1.0265
"456",12,44,"4","64","5","2",1069.5564,"8/11/2020","8/17/2020","Sophie",NA,1072.34,2.7836
"457",12,46,"4","21","5","4",1069.4345,"8/11/2020","8/17/2020","Sophie",NA,1073.21,3.7755
"458",13,1,"3","72","2","2",1070.7595,"8/11/2020","8/17/2020","Sophie",NA,1079.43,8.6705
"459",13,2,"3","39","3","1",1060.383,"8/11/2020","8/17/2020","Sophie",NA,1072.58,12.197
"460",13,3,"3","13","1","3",1076.8734,"8/11/2020","8/17/2020","Sophie",NA,1080.06,3.1866
"461",13,8,"3","42","2","5",1059.4295,"8/11/2020","8/17/2020","Sophie",NA,1064.76,5.3305
"462",13,9,"3","77","4","4",1069.9211,"8/11/2020","8/17/2020","Sophie",NA,1079.77,9.8489
"463",13,10,"3","49","1","1",1059.3895,"8/11/2020","8/17/2020","Sophie",NA,1070.01,10.6205
"464",13,13,"3","17","1","2",1062.0906,"8/11/2020","8/17/2020","Sophie",NA,1066.85,4.7594
"465",13,14,"3","61","5","3",1062.6445,"8/11/2020","8/17/2020","Sophie",NA,1067.57,4.9255
"466",13,15,"3","62","1","4",1077.3199,"8/11/2020","8/17/2020","Sophie",NA,1084.35,7.0301
"467",13,16,"3","61","4","3",1081.9811,"8/11/2020","8/17/2020","Sophie",NA,1090.82,8.8389
"468",13,17,"3","14","1","2",1072.1206,"8/11/2020","8/17/2020","Sophie",NA,1073.85,1.7294
"469",13,18,"3","14","5","5",1068.5005,"8/11/2020","8/17/2020","Sophie",NA,1073.99,5.4895
"470",13,19,"3","72","3","2",1069.959,"8/11/2020","8/17/2020","Sophie",NA,1085,15.041
"471",13,20,"3","20","5","5",1072.7467,"8/11/2020","8/17/2020","Sophie",NA,1076.75,4.0033
"472",13,21,"3","19","3","1",1067.8284,"8/11/2020","8/17/2020","Sophie",NA,1071.96,4.1316
"473",13,22,"3","46","3","3",1078.8163,"8/11/2020","8/17/2020","Sophie",NA,1083.15,4.3337
"474",13,23,"3","56","4","3",1068.3351,"8/11/2020","8/17/2020","Sophie",NA,1076.75,8.4149
"475",13,24,"3","11","2","3",1071.8553,"8/11/2020","8/17/2020","Sophie",NA,1075.64,3.7847
"476",13,25,"3","62","2","4",1064.4018,"8/11/2020","8/17/2020","Sophie",NA,1077.44,13.0382
"477",13,26,"4","49","1","2",1065.4062,"8/11/2020","8/17/2020","Sophie",NA,1070.1,4.6938
"478",13,27,"4","1","2","3",1060.5724,"8/11/2020","8/17/2020","Sophie",NA,1067.63,7.0576
"479",13,28,"4","11","1","1",1064.7595,"8/11/2020","8/17/2020","Sophie",NA,1073.79,9.0305
"480",13,29,"4","12","1","2",1064.3965,"8/11/2020","8/17/2020","Sophie",NA,1071.78,7.3835
"481",13,30,"4","7","5","1",1080.246,"8/11/2020","8/17/2020","Sophie",NA,1085.82,5.574
"482",13,31,"4","1","2","5",1083.131,"8/11/2020","8/17/2020","Sophie",NA,1089.41,6.279
"483",13,32,"4","61","3","4",1067.204,"8/11/2020","8/17/2020","Sophie",NA,1075.22,8.016
"484",13,35,"4","6","5","3",1065.0424,"8/11/2020","8/15/2020","Sophie",NA,1067.61,2.5676
"485",13,36,"4","79","4","3",1070.0501,"8/11/2020","8/15/2020","Sophie",NA,1075.38,5.3299
"486",13,37,"4","39","5","4",1062.2988,"8/11/2020","8/15/2020","Sophie",NA,1066.77,4.4712
"487",13,38,"4","9","2","5",1070.4109,"8/11/2020","8/15/2020","Sophie",NA,1072.33,1.9191
"488",13,39,"4","5","1","3",1065.2624,"8/11/2020","8/15/2020","Sophie",NA,1075.49,10.2276
"489",13,42,"4","19","5","5",1069.2604,"8/11/2020","8/15/2020","Sophie",NA,1071.96,2.6996
"490",13,44,"4","27","3","2",1072.3491,"8/11/2020","8/15/2020","Sophie",NA,1073.65,1.3009
"491",13,45,"4","19","5","1",1066.2954,"8/11/2020","8/15/2020","Sophie",NA,1069.15,2.8546
"492",13,46,"4","68","1","2",1069.0741,"8/11/2020","8/15/2020","Sophie",NA,1075.87,6.7959
"493",14,1,"3","57","2","3",1073.793,"8/11/2020","8/15/2020","Sophie",NA,1077.2,3.407
"494",14,2,"3","21","4","5",1064.4299,"8/11/2020","8/15/2020","Sophie",NA,1075.96,11.5301
"495",14,3,"3","21","1","3",1063.83,"8/11/2020","8/15/2020","Sophie",NA,1069.52,5.69
"496",14,5,"3","41","2","1",1082.0262,"8/11/2020","8/15/2020","Sophie",NA,1084.92,2.8938
"497",14,6,"3","4","1","5",1067.6626,"8/11/2020","8/15/2020","Sophie",NA,1070.92,3.2574
"498",14,7,"3","21","1","4",1059.7156,"8/11/2020","8/15/2020","Sophie",NA,1061.27,1.5544
"499",14,8,"3","7","1","5",1068.4381,"8/11/2020","8/15/2020","Sophie",NA,1067.68,-0.7581
"500",14,9,"3","19","3","4",1067.7698,"8/11/2020","8/15/2020","Sophie",NA,1069.15,1.3802
"501",14,10,"3","57","3","1",1066.759,"8/11/2020","8/15/2020","Sophie",NA,1070.84,4.081
"502",14,11,"3","74","2","4",1085.9372,"8/11/2020","8/15/2020","Sophie",NA,1092.01,6.0728
"503",14,14,"3","13","2","4",1063.8058,"8/11/2020","8/15/2020","Sophie",NA,1068.09,4.2842
"504",14,15,"3","77","5","4",1079.5791,"8/11/2020","8/15/2020","Sophie",NA,1083.28,3.7009
"505",14,16,"3","35","2","5",1060.9605,"8/11/2020","8/15/2020","Sophie",NA,1076.54,15.5795
"506",14,17,"3","47","3","2",1070.4533,"8/11/2020","8/15/2020","Sophie",NA,1073.74,3.2867
"507",14,18,"3","62","4","3",1067.6559,"8/11/2020","8/15/2020","Sophie",NA,1081.16,13.5041
"508",14,19,"3","30","4","2",1084.5809,"8/11/2020","8/15/2020","Sophie",NA,1089.08,4.4991
"509",14,20,"3","31","4","3",1080.0096,"8/11/2020","8/15/2020","Sophie",NA,1085.13,5.1204
"510",14,21,"3","46","4","2",1067.1215,"8/11/2020","8/15/2020","Sophie",NA,1077.36,10.2385
"511",14,22,"3","49","3","3",1061.1032,"8/11/2020","8/15/2020","Sophie",NA,1066.47,5.3668
"512",14,23,"3","49","4","1",1067.6921,"8/11/2020","8/15/2020","Sophie",NA,1073.54,5.8479
"513",14,24,"3","31","4","4",1068.1782,"8/11/2020","8/15/2020","Sophie",NA,1072.61,4.4318
"514",14,25,"3","40","4","2",1074.1199,"8/11/2020","8/15/2020","Sophie",NA,1083.9,9.7801
"515",14,26,"4","13","2","5",1057.9189,"8/11/2020","8/15/2020","Sophie",NA,1067.61,9.6911
"516",14,27,"4","6","5","2",1078.4333,"8/11/2020","8/15/2020","Sophie",NA,1086.67,8.2367
"517",14,28,"4","46","5","2",1076.6119,"8/11/2020","8/15/2020","Sophie",NA,1077.84,1.2281
"518",14,29,"4","19","1","2",1061.4577,"8/11/2020","8/15/2020","Sophie",NA,1064.2,2.7423
"519",14,30,"4","47","2","1",1071.954,"8/11/2020","8/15/2020","Sophie",NA,1075.29,3.336
"520",14,31,"4","2","1","3",1078.8583,"8/11/2020","8/15/2020","Sophie",NA,1081.05,2.1917
"521",14,32,"4","12","2","3",1067.5038,"8/11/2020","8/15/2020","Sophie",NA,1073.17,5.6662
"522",14,34,"4","5","4","3",1080.3989,"8/11/2020","8/15/2020","Sophie",NA,1063.18,-17.2189
"523",14,36,"4","41","2","2",1058.1175,"8/11/2020","8/15/2020","Sophie",NA,1066.27,8.1525
"524",14,38,"4","17","1","5",1065.0464,"8/11/2020","8/15/2020","Sophie",NA,1072.11,7.0636
"525",14,39,"4","13","2","1",1068.641,"8/11/2020","8/15/2020","Sophie",NA,1070.12,1.479
"526",14,41,"4","19","2","4",1083.0076,"8/11/2020","8/15/2020","Sophie",NA,1070.28,-12.7276
"527",14,42,"4","39","1","5",1065.7474,"8/11/2020","8/15/2020","Sophie",NA,1067.88,2.1326
"528",14,45,"4","5","1","5",1064.2894,"8/11/2020","8/15/2020","Sophie",NA,1074.95,10.6606
"529",14,46,"4","35","5","1",1069.9598,"8/11/2020","8/15/2020","Sophie",NA,1070.89,0.9302
"530",15,1,"3","4","5","4",1064.4924,"8/11/2020","8/15/2020","Sophie",NA,1072.98,8.4876
"531",15,5,"3","46","4","3",1069.2979,"8/11/2020","8/15/2020","Sophie",NA,1064.33,-4.9679
"532",15,6,"3","31","2","3",1059.4537,"8/11/2020","8/15/2020","Sophie",NA,1066.25,6.7963
"533",15,7,"3","17","4","3",1058.7711,"8/11/2020","8/15/2020","Sophie",NA,1064.66,5.8889
"534",15,8,"3","57","2","4",1064.2109,"8/11/2020","8/15/2020","Sophie",NA,1075.42,11.2091
"535",15,9,"3","18","3","3",1069.1088,"8/11/2020","8/15/2020","Sophie",NA,1083.01,13.9012
"536",15,10,"3","8","3","2",1078.6061,"8/11/2020","8/15/2020","Sophie",NA,1080.43,1.8239
"537",15,11,"3","68","2","2",1069.1277,"8/11/2020","8/15/2020","Sophie",NA,1071.19,2.0623
"538",15,13,"3","27","3","4",1069.1729,"8/11/2020","8/15/2020","Sophie",NA,1072.1,2.9271
"539",15,14,"3","17","3","3",1062.2302,"8/11/2020","8/15/2020","Sophie",NA,1062.79,0.5598
"540",15,15,"3","14","3","3",1062.3002,"8/11/2020","8/15/2020","Sophie",NA,1065.66,3.3598
"541",15,16,"3","1","5","5",1068.0444,"8/11/2020","8/15/2020","Sophie",NA,1079.15,11.1056
"542",15,17,"3","57","3","4",1085.4575,"8/11/2020","8/15/2020","Sophie",NA,1088.21,2.7525
"543",15,18,"3","21","2","1",1062.8835,"8/11/2020","8/15/2020","Sophie",NA,1066.66,3.7765
"544",15,20,"3","27","3","1",1060.6675,"8/11/2020","8/15/2020","Sophie",NA,1063.68,3.0125
"545",15,22,"3","7","4","1",1060.6728,"8/11/2020","8/15/2020","Sophie",NA,1066.11,5.4372
"546",15,23,"3","27","5","4",1067.6042,"8/11/2020","8/15/2020","Sophie",NA,1083.25,15.6458
"547",15,24,"3","68","3","1",1061.4192,"8/11/2020","8/15/2020","Sophie",NA,1067.04,5.6208
"548",15,25,"3","74","1","2",1068.4008,"8/11/2020","8/15/2020","Sophie",NA,1082.64,14.2392
"549",15,28,"4","15","3","3",1067.7142,"8/11/2020","8/15/2020","Sophie",NA,1072.63,4.9158
"550",15,29,"4","14","2","5",1067.8816,"8/11/2020","8/15/2020","Sophie",NA,1069.4,1.5184
"551",15,30,"4","31","3","5",1067.9865,"8/11/2020","8/15/2020","Sophie",NA,1070.2,2.2135
"552",15,31,"4","69","1","1",1063.7999,"8/11/2020","8/15/2020","Sophie",NA,1068.13,4.3301
"553",15,33,"4","4","5","1",1063.0442,"8/11/2020","8/15/2020","Sophie",NA,1070.33,7.2858
"554",15,35,"4","57","4","1",1070.6299,"8/11/2020","8/15/2020","Sophie",NA,1088.77,18.1401
"555",15,36,"4","72","4","2",1063.3855,"8/11/2020","8/15/2020","Sophie",NA,1068.69,5.3045
"556",15,37,"4","5","1","1",1066.4462,"8/11/2020","8/15/2020","Sophie",NA,1084,17.5538
"557",15,38,"4","56","4","5",1067.6563,"8/11/2020","8/15/2020","Sophie",NA,1078.72,11.0637
"558",15,39,"4","40","2","5",1062.9094,"8/11/2020","8/15/2020","Sophie",NA,1082.68,19.7706
"559",15,40,"4","9","1","1",1060.6752,"8/11/2020","8/15/2020","Sophie",NA,1070.62,9.9448
"560",15,41,"4","40","3","3",1062.2771,"8/11/2020","8/15/2020","Sophie",NA,1079.14,16.8629
"561",15,42,"4","3","3","4",1080.7581,"8/11/2020","8/15/2020","Sophie",NA,1084.58,3.8219
"562",15,43,"4","20","5","2",1061.324,"8/11/2020","8/15/2020","Sophie",NA,1074.43,13.106
"563",15,44,"4","3","2","1",1076.0915,"8/11/2020","8/15/2020","Sophie",NA,1086.45,10.3585
"564",16,1,"3","15","4","2",1064.2775,"8/11/2020","8/15/2020","Sophie",NA,1078.14,13.8625
"565",16,2,"3","57","4","2",1050.2522,"8/11/2020","8/15/2020","Sophie",NA,1062.99,12.7378
"566",16,4,"3","77","2","1",1062.8966,"8/11/2020","8/15/2020","Sophie",NA,1071.99,9.0934
"567",16,5,"3","29","4","4",1063.1888,"8/11/2020","8/15/2020","Sophie",NA,1070.48,7.2912
"568",16,6,"3","21","3","2",1070.1621,"8/11/2020","8/15/2020","Sophie",NA,1087.7,17.5379
"569",16,7,"3","31","1","2",1065.7272,"8/11/2020","8/15/2020","Sophie",NA,1080.4,14.6728
"570",16,8,"3","36","5","1",1065.0878,"8/11/2020","8/15/2020","Sophie",NA,1081.5,16.4122
"571",16,9,"3","21","4","2",1065.8836,"8/11/2020","8/15/2020","Sophie",NA,1071.63,5.7464
"572",16,10,"3","15","5","3",1081.3768,"8/11/2020","8/15/2020","Sophie",NA,1085.6,4.2232
"573",16,11,"3","46","4","4",1062.1834,"8/11/2020","8/15/2020","Sophie",NA,1070.63,8.4466
"574",16,12,"3","5","2","1",1063.0013,"8/11/2020","8/15/2020","Sophie",NA,1067.08,4.0787
"575",16,14,"3","49","2","2",1053.9864,"8/11/2020","8/15/2020","Sophie",NA,1062.98,8.9936
"576",16,15,"3","67","5","4",1058.4991,"8/11/2020","8/15/2020","Sophie",NA,1071.88,13.3809
"577",16,16,"3","7","5","4",1062.2455,"8/11/2020","8/15/2020","Sophie",NA,1068.6,6.3545
"578",16,17,"3","5","4","5",1058.1576,"8/11/2020","8/15/2020","Sophie",NA,1062.48,4.3224
"579",16,20,"3","4","2","3",1062.0447,"8/11/2020","8/15/2020","Sophie",NA,1067.96,5.9153
"580",16,22,"3","39","4","4",1071.0225,"8/11/2020","8/15/2020","Sophie",NA,1086.45,15.4275
"581",16,23,"3","1","5","3",1060.3377,"8/11/2020","8/15/2020","Sophie",NA,1065.13,4.7923
"582",16,24,"3","2","3","2",1060.0998,"8/11/2020","8/15/2020","Sophie",NA,1070.37,10.2702
"583",16,25,"3","19","1","3",1061.6439,"8/11/2020","8/15/2020","Sophie",NA,1070.24,8.5961
"584",16,27,"4","27","1","2",1073.1666,"8/11/2020","8/15/2020","Sophie",NA,1075.15,1.9834
"585",16,28,"4","2","4","2",1059.6453,"8/11/2020","8/15/2020","Sophie",NA,1071.41,11.7647
"586",16,29,"4","30","2","5",1077.5828,"8/11/2020","8/15/2020","Sophie",NA,1086.87,9.2872
"587",16,30,"4","19","1","4",1067.4708,"8/12/2020","8/15/2020","Sophie",NA,1074.3,6.8292
"588",16,32,"4","79","5","5",1070.6529,"8/12/2020","8/15/2020","Sophie",NA,1073.17,2.5171
"589",16,33,"4","18","2","5",1072.7972,"8/12/2020","8/15/2020","Sophie",NA,1078.81,6.0128
"590",16,34,"4","31","2","4",1071.2187,"8/12/2020","8/15/2020","Sophie",NA,1072.4,1.1813
"591",16,35,"4","67","1","1",1060.4025,"8/12/2020","8/15/2020","Sophie",NA,1066.69,6.2875
"592",16,37,"4","3","3","1",1059.5273,"8/12/2020","8/15/2020","Sophie",NA,1066.72,7.1927
"593",16,39,"4","68","3","2",1060.4999,"8/12/2020","8/15/2020","Sophie",NA,1062.35,1.8501
"594",16,40,"4","39","1","2",1078.2805,"8/12/2020","8/15/2020","Sophie",NA,1084.82,6.5395
"595",16,41,"4","2","4","1",1069.7137,"8/12/2020","8/15/2020","Sophie",NA,1076.42,6.7063
"596",16,42,"4","20","5","3",1059.9369,"8/12/2020","8/15/2020","Sophie",NA,1063.86,3.9231
"597",17,1,"3","6","4","3",1063.2988,"8/12/2020","8/15/2020","Sophie",NA,1064.45,1.1512
"598",17,2,"3","8","2","1",1073.0297,"8/12/2020","8/15/2020","Sophie",NA,1074.55,1.5203
"599",17,3,"3","62","5","1",1066.9016,"8/12/2020","8/15/2020","Sophie",NA,1072.82,5.9184
"600",17,4,"3","12","5","5",1064.7826,"8/12/2020","8/15/2020","Sophie",NA,1070.96,6.1774
"601",17,6,"3","79","5","4",1062.4984,"8/12/2020","8/15/2020","Sophie",NA,1071.01,8.5116
"602",17,7,"3","3","4","5",1083.6447,"8/12/2020","8/15/2020","Sophie",NA,1095.1,11.4553
"603",17,8,"3","46","3","4",1057.9778,"8/12/2020","8/15/2020","Sophie",NA,1074.65,16.6722
"604",17,9,"3","79","1","5",1062.6863,"8/12/2020","8/15/2020","Sophie",NA,1065.96,3.2737
"605",17,10,"3","39","4","5",1067.7848,"8/12/2020","8/15/2020","Sophie",NA,1074.77,6.9852
"606",17,11,"3","69","2","3",1070.6928,"8/12/2020","8/15/2020","Sophie",NA,1083.37,12.6772
"607",17,12,"3","67","4","4",1078.7453,"8/12/2020","8/15/2020","Sophie",NA,1090.21,11.4647
"608",17,13,"3","11","2","1",1069.5111,"8/12/2020","8/15/2020","Sophie",NA,1075.08,5.5689
"609",17,14,"3","13","5","1",1072.267,"8/12/2020","8/15/2020","Sophie",NA,1081.07,8.803
"610",17,16,"3","40","2","1",1063.1689,"8/12/2020","8/15/2020","Sophie",NA,1070.4,7.2311
"611",17,17,"3","12","2","5",1084.8143,"8/12/2020","8/15/2020","Sophie",NA,1091.77,6.9557
"612",17,19,"3","77","5","2",1072.002,"8/12/2020","8/15/2020","Sophie",NA,1084.03,12.028
"613",17,20,"3","40","1","1",1068.594,"8/12/2020","8/15/2020","Sophie",NA,1076.73,8.136
"614",17,22,"3","67","3","1",1066.3543,"8/12/2020","8/15/2020","Sophie",NA,1068.3,1.9457
"615",17,24,"3","16","1","3",1078.5409,"8/12/2020","8/14/2020","Sophie",NA,NA,-1078.5409
"616",17,25,"3","13","1","1",1059.6848,"8/12/2020","8/14/2020","Sophie",NA,NA,-1059.6848
"617",17,26,"4","18","1","5",1068.7949,"8/12/2020","8/14/2020","Sophie",NA,NA,-1068.7949
"618",17,27,"4","61","3","2",1061.1336,"8/12/2020","8/14/2020","Sophie",NA,NA,-1061.1336
"619",17,28,"4","12","4","3",1057.4862,"8/12/2020","8/14/2020","Sophie",NA,NA,-1057.4862
"620",17,29,"4","5","5","1",1058.2905,"8/12/2020","8/14/2020","Sophie",NA,NA,-1058.2905
"621",17,30,"4","49","2","5",1082.6309,"8/12/2020","8/14/2020","Sophie",NA,NA,-1082.6309
"622",17,32,"4","36","4","3",1072.739,"8/12/2020","8/14/2020","Sophie",NA,NA,-1072.739
"623",17,33,"4","67","3","4",1071.1836,"8/12/2020","8/14/2020","Sophie",NA,NA,-1071.1836
"624",17,36,"4","16","3","2",1069.4404,"8/12/2020","8/14/2020","Sophie",NA,NA,-1069.4404
"625",17,41,"4","19","2","3",1065.5648,"8/12/2020","8/14/2020","Sophie",NA,NA,-1065.5648
"626",17,45,"4","27","5","5",1085.5594,"8/12/2020","8/14/2020","Sophie",NA,NA,-1085.5594
"627",17,46,"4","1","4","4",1077.5324,"8/12/2020","8/14/2020","Sophie",NA,NA,-1077.5324
"628",18,1,"3","5","1","2",1066.9615,"8/12/2020","8/14/2020","Sophie",NA,NA,-1066.9615
"629",18,2,"3","39","2","3",1067.7524,"8/12/2020","8/14/2020","Sophie",NA,NA,-1067.7524
"630",18,3,"3","61","1","4",1071.8538,"8/12/2020","8/14/2020","Sophie",NA,NA,-1071.8538
"631",18,4,"3","64","5","4",1067.8594,"8/12/2020","8/14/2020","Sophie",NA,NA,-1067.8594
"632",18,5,"3","46","4","5",1070.1912,"8/12/2020","8/14/2020","Sophie",NA,NA,-1070.1912
"633",18,6,"3","2","3","3",1066.4013,"8/12/2020","8/14/2020","Sophie",NA,NA,-1066.4013
"634",18,8,"3","68","1","3",1071.6009,"8/12/2020","8/14/2020","Sophie",NA,NA,-1071.6009
"635",18,9,"3","4","4","3",1079.0224,"8/12/2020","8/14/2020","Sophie",NA,NA,-1079.0224
"636",18,10,"3","3","5","2",1071.392,"8/12/2020","8/14/2020","Sophie",NA,NA,-1071.392
"637",18,11,"3","18","3","2",1071.7208,"8/12/2020","8/14/2020","Sophie",NA,NA,-1071.7208
"638",18,12,"3","56","3","2",1073.1259,"8/12/2020","8/14/2020","Sophie",NA,NA,-1073.1259
"639",18,13,"3","42","1","3",1060.9912,"8/12/2020","8/14/2020","Sophie",NA,NA,-1060.9912
"640",18,14,"3","62","5","4",1059.065,"8/12/2020","8/14/2020","Sophie",NA,NA,-1059.065
"641",18,15,"3","14","3","4",1065.8346,"8/12/2020","8/14/2020","Sophie",NA,NA,-1065.8346
"642",18,16,"3","28","4","2",1062.8855,"8/12/2020","8/14/2020","Sophie",NA,NA,-1062.8855
"643",18,17,"3","11","1","5",1060.7322,"8/12/2020","8/14/2020","Sophie",NA,NA,-1060.7322
"644",18,18,"3","49","3","2",1069.9508,"8/12/2020","8/14/2020","Sophie",NA,NA,-1069.9508
"645",18,19,"3","7","4","5",1069.8242,"8/12/2020","8/14/2020","Sophie",NA,NA,-1069.8242
"646",18,20,"3","15","1","1",1079.2209,"8/12/2020","8/14/2020","Sophie",NA,NA,-1079.2209
"647",18,21,"3","69","1","3",1081.1468,"8/12/2020","8/14/2020","Sophie",NA,NA,-1081.1468
"648",18,23,"3","47","3","4",1073.0791,"8/12/2020","8/14/2020","Sophie",NA,NA,-1073.0791
"649",18,24,"3","62","3","2",1064.3408,"8/12/2020","8/14/2020","Sophie",NA,NA,-1064.3408
"650",18,25,"3","39","1","3",1083.2866,"8/12/2020","8/14/2020","Sophie",NA,NA,-1083.2866
"651",18,26,"4","36","5","5",1068.6309,"8/12/2020","8/14/2020","Sophie",NA,NA,-1068.6309
"652",18,27,"4","6","3","2",1073.3621,"8/12/2020","8/14/2020","Sophie",NA,NA,-1073.3621
"653",18,28,"4","39","1","1",1070.6345,"8/12/2020","8/14/2020","Sophie",NA,NA,-1070.6345
"654",18,29,"4","20","1","1",1066.5793,"8/12/2020","8/14/2020","Sophie",NA,NA,-1066.5793
"655",18,30,"4","21","1","5",1078.5577,"8/12/2020","8/14/2020","Sophie",NA,NA,-1078.5577
"656",18,31,"4","64","1","5",1078.1666,"8/12/2020","8/14/2020","Sophie",NA,NA,-1078.1666
"657",18,32,"4","5","3","3",1065.9028,"8/12/2020","8/14/2020","Sophie",NA,NA,-1065.9028
"658",18,33,"4","18","5","4",1072.4798,"8/12/2020","8/14/2020","Sophie",NA,NA,-1072.4798
"659",18,34,"4","21","1","1",1059.2555,"8/12/2020","8/14/2020","Sophie",NA,NA,-1059.2555
"660",18,36,"4","35","2","3",1061.0375,"8/12/2020","8/14/2020","Sophie",NA,NA,-1061.0375
"661",18,38,"4","31","4","1",1064.7477,"8/12/2020","8/14/2020","Sophie",NA,NA,-1064.7477
"662",18,40,"4","46","2","1",1069.2263,"8/12/2020","8/14/2020","Sophie",NA,NA,-1069.2263
"663",18,41,"4","3","5","5",1069.588,"8/12/2020","8/14/2020","Sophie",NA,NA,-1069.588
"664",18,43,"4","40","5","4",1081.9691,"8/12/2020","8/14/2020","Sophie",NA,NA,-1081.9691
"665",18,45,"4","3","1","1",1063.9658,"8/12/2020","8/14/2020","Sophie",NA,NA,-1063.9658
"666",18,46,"4","2","2","4",1072.7634,"8/12/2020","8/14/2020","Sophie",NA,NA,-1072.7634
"667",19,1,"3","2","2","1",1070.2873,"8/12/2020","8/14/2020","Sophie",NA,NA,-1070.2873
"668",19,2,"3","31","3","1",1079.6619,"8/12/2020","8/14/2020","Sophie",NA,NA,-1079.6619
"669",19,3,"3","40","4","3",1080.467,"8/12/2020","8/14/2020","Sophie",NA,NA,-1080.467
"670",19,4,"3","4","2","5",1071.0171,"8/12/2020","8/14/2020","Sophie",NA,NA,-1071.0171
"671",19,5,"3","72","2","5",1072.7362,"8/12/2020","8/14/2020","Sophie",NA,NA,-1072.7362
"672",19,6,"3","64","5","5",1060.8466,"8/12/2020","8/14/2020","Sophie",NA,NA,-1060.8466
"673",19,7,"3","69","2","2",1063.5189,"8/12/2020","8/14/2020","Sophie",NA,NA,-1063.5189
"674",19,8,"3","26","1","3",1077.4327,"8/12/2020","8/14/2020","Sophie",NA,NA,-1077.4327
"675",19,9,"3","61","5","2",1056.8515,"8/12/2020","8/14/2020","Sophie",NA,NA,-1056.8515
"676",19,11,"3","72","4","1",1072.5153,"8/12/2020","8/14/2020","Sophie",NA,NA,-1072.5153
"677",19,12,"3","18","3","4",1066.8912,"8/12/2020","8/14/2020","Sophie",NA,NA,-1066.8912
"678",19,13,"3","19","2","1",1072.1738,"8/12/2020","8/14/2020","Sophie",NA,NA,-1072.1738
"679",19,14,"3","64","3","1",1060.423,"8/12/2020","8/14/2020","Sophie",NA,NA,-1060.423
"680",19,15,"3","47","1","2",1056.2527,"8/12/2020","8/14/2020","Sophie",NA,NA,-1056.2527
"681",19,17,"3","6","3","3",1084.0315,"8/12/2020","8/14/2020","Sophie",NA,NA,-1084.0315
"682",19,18,"3","12","1","1",1063.9454,"8/12/2020","8/14/2020","Sophie",NA,NA,-1063.9454
"683",19,19,"3","46","2","4",1061.0459,"8/12/2020","8/14/2020","Sophie",NA,NA,-1061.0459
"684",19,20,"3","28","4","3",1070.4976,"8/12/2020","8/14/2020","Sophie",NA,NA,-1070.4976
"685",19,21,"3","74","1","4",1082.5309,"8/12/2020","8/14/2020","Sophie",NA,NA,-1082.5309
"686",19,22,"3","46","3","1",1072.9262,"8/12/2020","8/14/2020","Sophie",NA,NA,-1072.9262
"687",19,23,"3","6","1","4",1066.589,"8/12/2020","8/14/2020","Sophie",NA,NA,-1066.589
"688",19,24,"3","61","3","5",1060.04,"8/12/2020","8/14/2020","Sophie",NA,NA,-1060.04
"689",19,30,"4","7","2","1",1076.5839,"8/12/2020","8/14/2020","Sophie",NA,1082.24,5.6561
"690",19,32,"4","62","5","3",1064.423,"8/12/2020","8/13/2020","Sophie",NA,1071.06,6.637
"691",19,33,"4","57","4","3",1059.4407,"8/12/2020","8/13/2020","Sophie",NA,1077.82,18.3793
"692",19,34,"4","29","5","5",1062.4302,"8/12/2020","8/13/2020","Sophie",NA,1065.19,2.7598
"693",19,35,"4","28","1","1",1069.5191,"8/12/2020","8/13/2020","Sophie",NA,1070.84,1.3209
"694",19,37,"4","27","5","1",1065.5894,"8/12/2020","8/13/2020","Sophie",NA,1070.69,5.1006
"695",19,40,"4","15","1","2",1080.5251,"8/12/2020","8/13/2020","Sophie",NA,1092.4,11.8749
"696",19,41,"4","19","2","5",1065.3476,"8/12/2020","8/13/2020","Sophie",NA,1082.68,17.3324
"697",19,42,"4","9","2","3",1070.3785,"8/12/2020","8/13/2020","Sophie",NA,1071.13,0.7515
"698",19,43,"4","49","2","1",1067.7323,"8/12/2020","8/13/2020","Sophie",NA,1068.63,0.8977
"699",19,44,"4","20","3","3",1078.7923,"8/12/2020","8/13/2020","Sophie",NA,1084.5,5.7077
"700",19,45,"4","15","3","2",1058.094,"8/12/2020","8/13/2020","Sophie",NA,1077.62,19.526
"701",19,46,"4","46","3","5",1079.5394,"8/12/2020","8/13/2020","Sophie",NA,1085.45,5.9106
"702",20,1,"3","2","3","4",1069.3902,"8/12/2020","8/13/2020","Sophie",NA,1074.42,5.0298
"703",20,3,"3","3","3","2",1056.8042,"8/12/2020","8/13/2020","Sophie",NA,1063,6.1958
"704",20,4,"3","46","5","4",1070.5152,"8/12/2020","8/13/2020","Sophie",NA,1083.09,12.5748
"705",20,5,"3","29","1","1",1063.4101,"8/12/2020","8/13/2020","Sophie",NA,1096.32,32.9099
"706",20,8,"3","27","2","2",1067.3266,"8/12/2020","8/13/2020","Sophie",NA,1070.29,2.9634
"707",20,9,"3","36","5","4",1065.6504,"8/12/2020","8/13/2020","Sophie",NA,1083.54,17.8896
"708",20,10,"3","21","5","2",1079.1025,"8/12/2020","8/13/2020","Sophie",NA,1086.14,7.0375
"709",20,11,"3","1","5","4",1064.5584,"8/12/2020","8/13/2020","Sophie",NA,1068.6,4.0416
"710",20,12,"3","67","5","2",1063.8714,"8/12/2020","8/13/2020","Sophie",NA,1073.09,9.2186
"711",20,13,"3","3","4","4",1067.2032,"8/12/2020","8/13/2020","Sophie",NA,1074.14,6.9368
"712",20,14,"3","30","4","1",1069.6456,"8/12/2020","8/13/2020","Sophie",NA,1074.99,5.3444
"713",20,15,"3","1","3","3",1056.2718,"8/12/2020","8/13/2020","Sophie",NA,1072.44,16.1682
"714",20,16,"3","72","1","4",1063.1695,"8/12/2020","8/13/2020","Sophie",NA,1069.55,6.3805
"715",20,17,"3","6","1","5",1069.9579,"8/12/2020","8/13/2020","Sophie",NA,1072.12,2.1621
"716",20,18,"3","67","3","3",1065.5813,"8/12/2020","8/13/2020","Sophie",NA,1084.31,18.7287
"717",20,19,"3","5","3","1",1070.5516,"8/12/2020","8/13/2020","Sophie",NA,1078.18,7.6284
"718",20,20,"3","11","2","2",1079.0156,"8/12/2020","8/13/2020","Sophie",NA,1088.81,9.7944
"719",20,21,"3","18","1","3",1064.6382,"8/12/2020","8/13/2020","Sophie",NA,1068.47,3.8318
"720",20,22,"3","57","2","2",1063.7523,"8/12/2020","8/13/2020","Sophie",NA,1068.14,4.3877
"721",20,23,"3","18","4","4",1059.4154,"8/12/2020","8/13/2020","Sophie",NA,1069.32,9.9046
"722",20,24,"3","8","3","4",1078.4088,"8/12/2020","8/13/2020","Sophie",NA,1084.09,5.6812
"723",20,25,"3","51","4","4",1069.1807,"8/12/2020","8/13/2020","Sophie",NA,1075.37,6.1893
"724",20,26,"4","31","4","5",1070.3389,"8/12/2020","8/13/2020","Sophie",NA,1080.82,10.4811
"725",20,27,"4","19","3","3",1060.7807,"8/12/2020","8/13/2020","Sophie",NA,1067.19,6.4093
"726",20,28,"4","5","2","5",1076.5116,"8/12/2020","8/13/2020","Sophie",NA,1084.08,7.5684
"727",20,29,"4","36","2","3",1076.9289,"8/12/2020","8/13/2020","Sophie",NA,1084.96,8.0311
"728",20,30,"4","18","4","2",1058.4881,"8/12/2020","8/13/2020","Sophie",NA,1060.29,1.8019
"729",20,31,"4","30","2","3",1060.2336,"8/12/2020","8/13/2020","Sophie",NA,1074.88,14.6464
"730",20,32,"4","79","1","2",1065.2161,"8/12/2020","8/13/2020","Sophie",NA,1073.41,8.1939
"731",20,33,"4","36","1","3",1073.5129,"8/12/2020","8/13/2020","Sophie",NA,1083.46,9.9471
"732",20,34,"4","2","5","2",1057.9317,"8/12/2020","8/13/2020","Sophie",NA,1061.36,3.4283
"733",20,35,"4","28","4","1",1061.6362,"8/12/2020","8/13/2020","Sophie",NA,1070.16,8.5238
"734",20,36,"4","77","1","3",1060.5823,"8/12/2020","8/13/2020","Sophie",NA,1068.72,8.1377
"735",20,37,"4","40","2","3",1067.2757,"8/12/2020","8/13/2020","Sophie",NA,1072.4,5.1243
"736",20,38,"4","15","4","3",1065.2173,"8/12/2020","8/13/2020","Sophie",NA,1068.61,3.3927
"737",20,39,"4","47","1","3",1079.4799,"8/12/2020","8/13/2020","Sophie",NA,1088.28,8.8001
"738",20,40,"4","3","5","3",1077.2598,"8/12/2020","8/13/2020","Sophie",NA,1080.63,3.3702
"739",20,41,"4","30","5","1",1062.3291,"8/12/2020","8/13/2020","Sophie",NA,1069.36,7.0309
"740",20,42,"4","27","4","4",1060.6537,"8/12/2020","8/13/2020","Sophie",NA,1063.72,3.0663
"741",20,44,"4","2","3","5",1074.1008,"8/12/2020","8/13/2020","Sophie",NA,1076.62,2.5192
"742",20,46,"4","35","3","4",1068.7531,"8/12/2020","8/13/2020","Sophie",NA,1073.91,5.1569
"743",21,1,"3","30","2","2",1061.8209,"8/12/2020","8/13/2020","Sophie",NA,1073.41,11.5891
"744",21,2,"3","8","3","1",1062.3598,"8/12/2020","8/13/2020","Sophie",NA,1066.69,4.3302
"745",21,3,"3","31","1","4",1056.3963,"8/12/2020","8/13/2020","Sophie",NA,1070.35,13.9537
"746",21,4,"3","2","1","4",1056.7931,"8/12/2020","8/13/2020","Sophie",NA,1064.1,7.3069
"747",21,6,"3","29","5","1",1066.0816,"8/12/2020","8/13/2020","Sophie",NA,1071.85,5.7684
"748",21,7,"3","8","2","4",1056.9527,"8/12/2020","8/13/2020","Sophie",NA,1064.24,7.2873
"749",21,9,"3","67","2","3",1066.2474,"8/12/2020","8/13/2020","Sophie",NA,1079.58,13.3326
"750",21,10,"3","46","1","4",1076.6427,"8/12/2020","8/13/2020","Sophie",NA,1086.59,9.9473
"751",21,11,"3","72","5","2",1065.8888,"8/12/2020","8/13/2020","Sophie",NA,1112.7,46.8112
"752",21,14,"3","47","3","1",1062.7281,"8/12/2020","8/13/2020","Sophie",NA,1068.32,5.5919
"753",21,15,"3","51","4","5",1064.8877,"8/12/2020","8/13/2020","Sophie",NA,1068.94,4.0523
"754",21,17,"3","42","2","3",1067.0845,"8/12/2020","8/13/2020","Sophie",NA,1069.73,2.6455
"755",21,19,"3","47","5","5",1078.6679,"8/12/2020","8/13/2020","Sophie",NA,1085.48,6.8121
"756",21,20,"3","77","4","1",1061.2784,"8/12/2020","8/13/2020","Sophie",NA,1066.43,5.1516
"757",21,21,"3","30","3","4",1066.177,"8/12/2020","8/13/2020","Sophie",NA,1071.34,5.163
"758",21,22,"3","6","5","1",1071.3634,"8/12/2020","8/13/2020","Sophie",NA,1075.09,3.7266
"759",21,23,"3","18","4","1",1078.6442,"8/12/2020","8/13/2020","Sophie",NA,1086,7.3558
"760",21,24,"3","35","5","4",1059.4304,"8/12/2020","8/13/2020","Sophie",NA,1064.06,4.6296
"761",21,26,"4","30","5","5",1061.4794,"8/12/2020","8/13/2020","Sophie",NA,1065.7,4.2206
"762",21,27,"4","18","2","2",1065.6438,"8/12/2020","8/13/2020","Sophie",NA,1071.02,5.3762
"763",21,28,"4","8","2","3",1065.43,"8/12/2020","8/13/2020","Sophie",NA,1068.5,3.07
"764",21,29,"4","68","2","1",1059.515,"8/12/2020","8/13/2020","Sophie",NA,1063.64,4.125
"765",21,30,"4","6","4","1",1064.354,"8/12/2020","8/13/2020","Sophie",NA,1071.77,7.416
"766",21,32,"4","39","4","3",1064.1568,"8/12/2020","8/13/2020","Sophie",NA,1075.94,11.7832
"767",21,34,"4","7","1","4",1062.8451,"8/12/2020","8/13/2020","Sophie",NA,1069.56,6.7149
"768",21,35,"4","19","5","4",1070.8996,"8/12/2020","8/13/2020","Sophie",NA,1076.34,5.4404
"769",21,36,"4","27","3","5",1068.3141,"8/12/2020","8/13/2020","Sophie",NA,1076.59,8.2759
"770",21,37,"4","23","1","3",1063.7963,"8/12/2020","8/13/2020","Sophie",NA,1076.54,12.7437
"771",21,38,"4","3","3","3",1062.868,"8/12/2020","8/13/2020","Sophie",NA,1070.47,7.602
"772",21,39,"4","40","4","4",1082.7849,"8/12/2020","8/13/2020","Sophie",NA,1085.52,2.7351
"773",21,41,"4","12","3","3",1059.776,"8/12/2020","8/13/2020","Sophie",NA,1066.45,6.674
"774",21,42,"4","31","2","5",1079.5401,"8/12/2020","8/13/2020","Sophie",NA,1079.78,0.2399
"775",21,43,"4","3","4","2",1057.7779,"8/12/2020","8/13/2020","Sophie",NA,1070.39,12.6121
"776",21,44,"4","56","2","5",1079.3767,"8/12/2020","8/13/2020","Sophie",NA,1087.48,8.1033
"777",21,45,"4","11","3","3",1072.983,"8/12/2020","8/13/2020","Sophie",NA,1077.12,4.137
