"","Pop_ID","Population","Row","Column","Block","Family","Replicate","Comment","Date_oldest_inflor_flower","Date_youngest_inflor_flower","Date_first_follicle_2in","Pods","Peduncles","Flower_count_I1","Hood_L.I1F1","Hood_W.I1F1","Corolla_L.I1F1","Corolla_W.I1F1","Flower_L.I1F1","Flower_W.I1F1","Poll_rem.I1F1","Hood_L.I1F2","Hood_W.I1F2","Corolla_L.I1F2","Corolla_W.I1F2","Flower_L.I1F2","Flower_W.I1F2","Poll_rem.I1F2","Hood_L.I1F3","Hood_W.I1F3","Corolla_L.I1F3","Corolla_W.I1F3","Flower_L.I1F3","Flower_W.I1F3","Poll_rem.I1F3","Flower_count_I2","Hood_L.I2F1","Hood_W.I2F1","Corolla_L.I2F1","Corolla_W.I2F1","Flower_L.I2F1","Flower_W.I2F1","Poll_rem.I2F1","Hood_L.I2F2","Hood_W.I2F2","Corolla_L.I2F2","Corolla_W.I2F2","Flower_L.I2F2","Flower_W.I2F2","Poll_rem.I2F2","Hood_L.I2F3","Hood_W.I2F3","Corolla_L.I2F3","Corolla_W.I2F3","Flower_L.I2F3","Flower_W.I2F3","Poll_rem.I2F3","Flower_count_I3","Hood_L.I3F1","Hood_W.I3F1","Corolla_L.I3F1","Corolla_W.I3F1","Flower_L.I3F1","Flower_W.I3F1","Poll_rem.I3F1","Hood_L.I3F2","Hood_W.I3F2","Corolla_L.I3F2","Corolla_W.I3F2","Flower_L.I3F2","Flower_W.I3F2","Poll_rem.I3F2","Hood_L.I3F3","Hood_W.I3F3","Corolla_L.I3F3","Corolla_W.I3F3","Flower_L.I3F3","Flower_W.I3F3","Poll_rem.I3F3","Flowered2021","Hood.I1F1","Hood.I1F2","Hood.I1F3","Hood.I2F1","Hood.I2F2","Hood.I2F3","Hood.I3F1","Hood.I3F2","Hood.I3F3","Hood.I1","Hood.I2","Hood.I3","Hood_mean","Corolla.I1F1","Corolla.I1F2","Corolla.I1F3","Corolla.I2F1","Corolla.I2F2","Corolla.I2F3","Corolla.I3F1","Corolla.I3F2","Corolla.I3F3","Corolla.I1","Corolla.I2","Corolla.I3","Corolla_mean","Flower.I1F1","Flower.I1F2","Flower.I1F3","Flower.I2F1","Flower.I2F2","Flower.I2F3","Flower.I3F1","Flower.I3F2","Flower.I3F3","Flower.I1","Flower.I2","Flower.I3","Flower_mean","Overall_mean","mean_flower_count","total_flower_count","X","Patch_ID","Latitude","Longitude","Transect_ID","CTD_m","City_dist","Urb_Rur","Urb_score"
"1","MW001",1,7,37,2,1,1,NA,"7/12/2021","7/26/2021","8/12/2021",5,6,26,4.1,2.36,7.07,3.84,8.73,8.72,0,3.4,2.16,6.9,3.77,8.09,8.33,1,3.39,2.23,7.92,4.18,8.42,8.77,0,39,4.07,2.49,6.5,4.24,8.48,8.69,5,3.86,2.38,8.14,3.92,8.79,8.6,3,3.78,2.24,5.41,4.15,8.09,8.03,4,36,2.91,2.05,6.41,3.68,8.42,8.12,0,3.88,2.11,6.3,3.54,9.03,9.22,0,3.81,2.41,7.23,4.1,8.15,8.92,0,1,9.676,7.344,7.5597,10.1343,9.1868,8.4672,5.9655,8.1868,9.1821,8.19323333333333,9.26276666666667,7.77813333333333,8.41137777777778,27.1488,26.013,33.1056,27.56,31.9088,22.4515,23.5888,22.302,29.643,28.7558,27.3067666666667,25.1779333333333,27.0801666666667,76.1256,67.3897,73.8434,73.6912,75.594,64.9627,68.3704,83.2566,72.698,72.4529,71.4159666666667,74.775,72.8812888888889,36.1242777777778,33.6666666666667,101,1,"AS001",43.550556,-79.663,"South",25607.2117851047,25.6072117851047,"Urban",-1.17377
"2","MW001",1,17,46,4,4,4,NA,"7/19/2021","8/6/2021","08/16/2021",8,7,9,2.76,1.84,6.55,4.17,7.68,8.1,2,2.46,2.11,6.82,4.21,8.75,10.03,2,3.02,1.8,7.1,4.75,9.26,9.36,0,14,3.05,2.06,8.04,4.12,8.73,8.87,2,3.36,1.96,8.54,4.54,8.83,9.07,2,3.57,1.85,7.19,4.44,8.22,8.38,2,25,3.32,2.13,9.24,4.7,8.71,9.11,3,3.31,2.08,9.02,4.5,8.65,8.95,1,3.38,1.73,8.11,4.15,8.59,8.28,2,1,5.0784,5.1906,5.436,6.283,6.5856,6.6045,7.0716,6.8848,5.8474,5.235,6.49103333333333,6.60126666666667,6.1091,27.3135,28.7122,33.725,33.1248,38.7716,31.9236,43.428,40.59,33.6565,29.9169,34.6066666666667,39.2248333333333,34.5828,62.208,87.7625,86.6736,77.4351,80.0881,68.8836,79.3481,77.4175,71.1252,78.8813666666667,75.4689333333333,75.9636,76.7713,39.1544,16,48,1,"AS001",43.550556,-79.663,"South",25607.2117851047,25.6072117851047,"Urban",-1.17377
"3","MW001",1,4,43,2,3,5,NA,"8/03/2021","08/09/2021",NA,0,4,20,3.43,2.11,6.79,4.16,8.35,8.13,0,3.58,2.19,9.09,4.21,9.06,9.01,0,3.74,2.04,8.13,3.87,8.77,8.7,0,17,3.8,2.15,7.25,4.43,8.21,8.33,0,4.36,2.17,8.36,4.35,9.64,9.75,2,4.19,1.94,7.93,4,8.81,8.71,1,23,3.27,2.06,7.45,3.71,8.87,8.87,3,3.98,2.15,7.56,4.11,8.72,8.76,1,3.46,2.06,6.62,4.37,8.23,8.23,0,1,7.2373,7.8402,7.6296,8.17,9.4612,8.1286,6.7362,8.557,7.1276,7.56903333333333,8.5866,7.4736,7.87641111111111,28.2464,38.2689,31.4631,32.1175,36.366,31.72,27.6395,31.0716,28.9294,32.6594666666667,33.4011666666667,29.2135,31.7580444444444,67.8855,81.6306,76.299,68.3893,93.99,76.7351,78.6769,76.3872,67.7329,75.2717,79.7048,74.2656666666667,76.4140555555555,38.682837037037,20,60,1,"AS001",43.550556,-79.663,"South",25607.2117851047,25.6072117851047,"Urban",-1.17377
"4","MW001",1,9,5,1,4,3,NA,"7/30/2021","08/12/2021",NA,0,1,2,NA,NA,NA,NA,NA,NA,NA,NA,NA,NA,NA,NA,NA,NA,NA,NA,NA,NA,NA,NA,NA,NA,NA,NA,NA,NA,NA,NA,NA,NA,NA,NA,NA,NA,NA,NA,NA,NA,NA,NA,NA,NA,NA,NA,NA,NA,NA,NA,NA,NA,NA,NA,NA,NA,NA,NA,NA,NA,NA,NA,NA,NA,NA,NA,NA,1,NA,NA,NA,NA,NA,NA,NA,NA,NA,NA,NA,NA,NA,NA,NA,NA,NA,NA,NA,NA,NA,NA,NA,NA,NA,NA,NA,NA,NA,NA,NA,NA,NA,NA,NA,NA,NA,NA,NA,NA,2,2,1,"AS001",43.550556,-79.663,"South",25607.2117851047,25.6072117851047,"Urban",-1.17377
"5","MW001",1,4,8,1,2,2,NA,"08/09/2021","08/09/2022","8/30/2021",4,2,32,4.52,2.15,7.92,4.32,8.6,8.57,0,4.2,2.2,8.86,4.45,10.07,10.09,3,3.72,2.06,8.49,3.98,9.89,9.8,2,30,5.59,2.18,8.07,3.99,9.52,9.65,4,3.76,1.91,9.48,4.13,9.81,9.74,3,3.63,2.06,8.39,3.75,9.51,9.52,4,NA,NA,NA,NA,NA,NA,NA,NA,NA,NA,NA,NA,NA,NA,NA,NA,NA,NA,NA,NA,NA,NA,1,9.718,9.24,7.6632,12.1862,7.1816,7.4778,NA,NA,NA,8.87373333333333,8.94853333333333,NA,8.91113333333333,34.2144,39.427,33.7902,32.1993,39.1524,31.4625,NA,NA,NA,35.8105333333333,34.2714,NA,35.0409666666667,73.702,101.6063,96.922,91.868,95.5494,90.5352,NA,NA,NA,90.7434333333333,92.6508666666667,NA,91.69715,45.2164166666667,31,62,1,"AS001",43.550556,-79.663,"South",25607.2117851047,25.6072117851047,"Urban",-1.17377
"6","MW001",1,15,16,3,5,5,NA,"7/19/2021","7/26/2021",NA,0,2,17,2.99,2.2,7.69,4.3,9.32,9.56,0,3.9,2.06,6.17,3.94,9.64,9.77,1,3.19,2.03,7.82,4.01,8.77,8.52,0,22,3.56,2.08,7.09,3.78,9.63,9.72,0,4.07,2.07,8.46,3.84,8.95,8.94,0,3.89,2,8.25,3.82,9.49,9.57,1,2,NA,NA,NA,NA,NA,NA,NA,NA,NA,NA,NA,NA,NA,NA,NA,NA,NA,NA,NA,NA,NA,1,6.578,8.034,6.4757,7.4048,8.4249,7.78,NA,NA,NA,7.02923333333333,7.8699,NA,7.44956666666667,33.067,24.3098,31.3582,26.8002,32.4864,31.515,NA,NA,NA,29.5783333333333,30.2672,NA,29.9227666666667,89.0992,94.1828,74.7204,93.6036,80.013,90.8193,NA,NA,NA,86.0008,88.1453,NA,87.07305,41.4817944444444,13.6666666666667,41,1,"AS001",43.550556,-79.663,"South",25607.2117851047,25.6072117851047,"Urban",-1.17377
"7","MW002",2,11,9,1,1,2,NA,"7/21/2021","7/21/2021","08/12/2021",3,1,15,4.68,2.26,7.48,3.83,8.75,8.8,1,4.41,2.43,7.52,3.65,9.36,8.93,1,4.09,2.46,8.06,3.78,8.95,8.82,0,NA,NA,NA,NA,NA,NA,NA,NA,NA,NA,NA,NA,NA,NA,NA,NA,NA,NA,NA,NA,NA,NA,NA,NA,NA,NA,NA,NA,NA,NA,NA,NA,NA,NA,NA,NA,NA,NA,NA,NA,NA,NA,NA,NA,1,10.5768,10.7163,10.0614,NA,NA,NA,NA,NA,NA,10.4515,NA,NA,10.4515,28.6484,27.448,30.4668,NA,NA,NA,NA,NA,NA,28.8544,NA,NA,28.8544,77,83.5848,78.939,NA,NA,NA,NA,NA,NA,79.8412666666667,NA,NA,79.8412666666667,39.7157222222222,15,15,2,"AS002",43.550225,-79.654062,"South",24987.050922191,24.987050922191,"Urban",0.0619652
"8","MW002",2,3,14,1,2,5,NA,"7/14/2021","7/19/2021",NA,0,1,15,4.87,2.13,6.33,4.46,6.37,6.75,0,4.37,2.41,7.54,4.36,6.94,7.07,0,4.68,2.03,6.33,4,6.48,6.41,0,NA,NA,NA,NA,NA,NA,NA,NA,NA,NA,NA,NA,NA,NA,NA,NA,NA,NA,NA,NA,NA,NA,NA,NA,NA,NA,NA,NA,NA,NA,NA,NA,NA,NA,NA,NA,NA,NA,NA,NA,NA,NA,NA,NA,1,10.3731,10.5317,9.5004,NA,NA,NA,NA,NA,NA,10.1350666666667,NA,NA,10.1350666666667,28.2318,32.8744,25.32,NA,NA,NA,NA,NA,NA,28.8087333333333,NA,NA,28.8087333333333,42.9975,49.0658,41.5368,NA,NA,NA,NA,NA,NA,44.5333666666667,NA,NA,44.5333666666667,27.8257222222222,15,15,2,"AS002",43.550225,-79.654062,"South",24987.050922191,24.987050922191,"Urban",0.0619652
"9","MW002",2,16,28,4,4,2,NA,"8/09/2021","8/12/2021",NA,0,2,15,4.07,2.2,8.77,4.19,7.4,7.3,0,4.5,2.61,7.67,4.26,6.85,7.11,0,4.46,2.2,6.85,3.85,6.84,6.94,0,11,4.54,1.86,7.06,3.55,6.3,6.31,0,4.8,2.05,7.66,3.62,6.31,6.36,0,4.3,2.1,6.55,4.15,NA,NA,3,NA,NA,NA,NA,NA,NA,NA,NA,NA,NA,NA,NA,NA,NA,NA,NA,NA,NA,NA,NA,NA,NA,1,8.954,11.745,9.812,8.4444,9.84,9.03,NA,NA,NA,10.1703333333333,9.1048,NA,9.63756666666667,36.7463,32.6742,26.3725,25.063,27.7292,27.1825,NA,NA,NA,31.931,26.6582333333333,NA,29.2946166666667,54.02,48.7035,47.4696,39.753,40.1316,NA,NA,NA,NA,50.0643666666667,39.9423,NA,45.0033333333333,27.9785055555556,13,26,2,"AS002",43.550225,-79.654062,"South",24987.050922191,24.987050922191,"Urban",0.0619652
"10","MW002",2,14,31,4,1,3,"inflor 2 flowers eaten but remnants of 3 flowers visible","7/16/2021","7/20/2021",NA,0,2,62,4.62,2.23,7.46,3.67,7.64,7.93,2,4.29,2.28,7.03,3.7,7.53,8.04,1,4.3,2.2,6.53,4.1,7.59,7.87,1,3,NA,NA,NA,NA,NA,NA,NA,NA,NA,NA,NA,NA,NA,NA,NA,NA,NA,NA,NA,NA,NA,NA,NA,NA,NA,NA,NA,NA,NA,NA,NA,NA,NA,NA,NA,NA,NA,NA,NA,NA,NA,NA,NA,1,10.3026,9.7812,9.46,NA,NA,NA,NA,NA,NA,9.84793333333333,NA,NA,9.84793333333333,27.3782,26.011,26.773,NA,NA,NA,NA,NA,NA,26.7207333333333,NA,NA,26.7207333333333,60.5852,60.5412,59.7333,NA,NA,NA,NA,NA,NA,60.2865666666667,NA,NA,60.2865666666667,32.2850777777778,32.5,65,2,"AS002",43.550225,-79.654062,"South",24987.050922191,24.987050922191,"Urban",0.0619652
"11","MW004",4,8,32,2,3,3,NA,"7/16/2021","7/19/2021","08/12/2021",1,1,9,4.19,2.06,8.04,3.8,9.85,9.9,0,3.17,1.8,7.43,3.86,7.73,8.92,0,3.62,2.03,6.81,3.97,9.36,9.07,1,NA,NA,NA,NA,NA,NA,NA,NA,NA,NA,NA,NA,NA,NA,NA,NA,NA,NA,NA,NA,NA,NA,NA,NA,NA,NA,NA,NA,NA,NA,NA,NA,NA,NA,NA,NA,NA,NA,NA,NA,NA,NA,NA,NA,1,8.6314,5.706,7.3486,NA,NA,NA,NA,NA,NA,7.22866666666667,NA,NA,7.22866666666667,30.552,28.6798,27.0357,NA,NA,NA,NA,NA,NA,28.7558333333333,NA,NA,28.7558333333333,97.515,68.9516,84.8952,NA,NA,NA,NA,NA,NA,83.7872666666667,NA,NA,83.7872666666667,39.9239222222222,9,9,4,"AS005",43.567334,-79.686386,"South",26539.6859866781,26.5396859866781,"Urban",-0.9282644
"12","MW004",4,4,33,2,3,2,NA,"7/19/2021","7/23/2021","8/19/2021",1,2,18,7.1,2.23,8.71,3.87,8.46,8.4,1,6.98,2.46,9.29,4.52,8.11,8.29,4,6.55,2.36,8.34,4.37,8.65,8.49,0,18,5.17,1.8,6.82,3.67,6.62,6.57,0,5.67,1.87,7.21,3.67,6.73,6.71,1,6.45,2.12,7.95,4.14,7.27,7.72,0,NA,NA,NA,NA,NA,NA,NA,NA,NA,NA,NA,NA,NA,NA,NA,NA,NA,NA,NA,NA,NA,NA,1,15.833,17.1708,15.458,9.306,10.6029,13.674,NA,NA,NA,16.1539333333333,11.1943,NA,13.6741166666667,33.7077,41.9908,36.4458,25.0294,26.4607,32.913,NA,NA,NA,37.3814333333333,28.1343666666667,NA,32.7579,71.064,67.2319,73.4385,43.4934,45.1583,56.1244,NA,NA,NA,70.5781333333333,48.2587,NA,59.4184166666667,35.2834777777778,18,36,4,"AS005",43.567334,-79.686386,"South",26539.6859866781,26.5396859866781,"Urban",-0.9282644
"13","MW005",5,6,27,2,5,3,NA,"7/12/2021","7/21/2021","08/09/2021",5,5,32,4.98,2.09,7.89,3.7,8.07,8.22,3,4.13,2.1,8.71,4.07,8.71,8.41,3,4.76,2.34,8.82,3.91,8.22,7.96,5,36,4.33,2.03,8.23,3.78,7.61,7.16,2,5.27,2.27,7.78,4.37,7.67,7.68,2,4.92,2.04,8.71,3.47,7.23,7.99,4,22,4.08,2.18,9.64,3.87,8.06,8.15,1,5.11,2.25,7.76,3.81,8.21,8.36,3,4.44,2.1,7.27,3.74,8.25,8.26,2,1,10.4082,8.673,11.1384,8.7899,11.9629,10.0368,8.8944,11.4975,9.324,10.0732,10.2632,9.9053,10.0805666666667,29.193,35.4497,34.4862,31.1094,33.9986,30.2237,37.3068,29.5656,27.1898,33.0429666666667,31.7772333333333,31.3540666666667,32.0580888888889,66.3354,73.2511,65.4312,54.4876,58.9056,57.7677,65.689,68.6356,68.145,68.3392333333333,57.0536333333333,67.4898666666667,64.2942444444444,35.4776333333333,30,90,5,"AS010",43.493329,-79.747541,"Rural",34691.9910922074,34.6919910922074,"Rural",-2.80108
"14","MW005",5,15,37,4,1,1,NA,"7/12/2021","7/23/2021","08/09/2021",8,6,45,5.47,2.21,6.86,3.83,7.04,7.02,0,5.38,2.07,8.02,3.95,7.91,8.13,1,5.05,2.42,7.6,3.84,7.94,8.08,0,36,5.45,2.41,7.47,4.11,7.64,7.25,0,4,2.23,7.84,4.36,7.7,7.78,1,5.44,2.2,5.86,4.56,6.86,6.96,0,35,5.3,2.05,7.79,4.11,7.06,7.04,0,5.14,2.1,7.84,4.2,7.55,7.56,2,4.96,2.3,7.57,4.26,8.01,7.76,0,1,12.0887,11.1366,12.221,13.1345,8.92,11.968,10.865,10.794,11.408,11.8154333333333,11.3408333333333,11.0223333333333,11.3928666666667,26.2738,31.679,29.184,30.7017,34.1824,26.7216,32.0169,32.928,32.2482,29.0456,30.5352333333333,32.3977,30.6595111111111,49.4208,64.3083,64.1552,55.39,59.906,47.7456,49.7024,57.078,62.1576,59.2947666666667,54.3472,56.3126666666667,56.6515444444444,32.9013074074074,38.6666666666667,116,5,"AS010",43.493329,-79.747541,"Rural",34691.9910922074,34.6919910922074,"Rural",-2.80108
"15","MW006",6,14,27,4,5,2,NA,"7/5/2021","7/16/2021",NA,0,2,20,4.98,2.36,7.38,3.57,7.87,7.76,0,4.38,2.23,7.99,3.63,7.8,7.55,2,5.22,2.34,7.82,3.68,7.9,7.8,1,11,4.17,1.95,7.08,3.56,5.22,6.01,3,4.32,2.08,7.95,3.66,6.95,6.97,0,4.45,2.17,7.25,3.38,7.12,7.37,0,NA,NA,NA,NA,NA,NA,NA,NA,NA,NA,NA,NA,NA,NA,NA,NA,NA,NA,NA,NA,NA,NA,1,11.7528,9.7674,12.2148,8.1315,8.9856,9.6565,NA,NA,NA,11.245,8.92453333333333,NA,10.0847666666667,26.3466,29.0037,28.7776,25.2048,29.097,24.505,NA,NA,NA,28.0426333333333,26.2689333333333,NA,27.1557833333333,61.0712,58.89,61.62,31.3722,48.4415,52.4744,NA,NA,NA,60.5270666666667,44.0960333333333,NA,52.31155,29.8507,15.5,31,6,"AS014",43.438669,-79.780878,"Rural",40355.1125073074,40.3551125073074,"Rural",-0.431062
"16","MW007",7,1,39,2,4,2,NA,"7/19/2021","7/23/2021","08/19/2021",1,2,20,3.19,2.33,5.16,4.14,6.61,7.02,0,3.52,2.22,6.99,4.39,7.43,7.69,0,4.04,2.3,7.14,3.98,6.98,7.29,0,16,3.79,2.38,6.86,4.49,8.48,8.47,0,3.83,2.26,6.9,4.43,7.63,7.81,0,3.67,2.29,7.7,3.94,6.22,6.35,0,NA,NA,NA,NA,NA,NA,NA,NA,NA,NA,NA,NA,NA,NA,NA,NA,NA,NA,NA,NA,NA,NA,1,7.4327,7.8144,9.292,9.0202,8.6558,8.4043,NA,NA,NA,8.1797,8.69343333333333,NA,8.43656666666667,21.3624,30.6861,28.4172,30.8014,30.567,30.338,NA,NA,NA,26.8219,30.5688,NA,28.69535,46.4022,57.1367,50.8842,71.8256,59.5903,39.497,NA,NA,NA,51.4743666666667,56.9709666666667,NA,54.2226666666667,30.4515277777778,18,36,7,"AS017",43.434493,-79.904435,"Rural",48930.8160490192,48.9308160490192,"Rural",-3.0900825
"17","MW007",7,4,36,2,5,5,NA,"7/12/2021","7/26/2021","08/12/2021",9,6,29,3.52,2.41,9.73,4.05,10.55,10.45,4,4.17,2.44,8.69,4.3,9,8.63,4,4.23,2.75,10.06,4.18,8.44,8.46,5,30,4.11,2.12,9.11,3.9,9.16,9.3,4,4.7,2.25,8.21,4.01,7.72,8.26,3,4.43,2.45,9.11,3.71,10.16,9.81,3,25,4.99,2.14,9.38,4.14,10.17,10.13,2,4.4,2.14,9.04,3.75,9.34,9.12,4,4.52,2.02,9.27,3.77,8.95,9.22,1,1,8.4832,10.1748,11.6325,8.7132,10.575,10.8535,10.6786,9.416,9.1304,10.0968333333333,10.0472333333333,9.74166666666667,9.96191111111111,39.4065,37.367,42.0508,35.529,32.9221,33.7981,38.8332,33.9,34.9479,39.6081,34.0830666666667,35.8937,36.5282888888889,110.2475,77.67,71.4024,85.188,63.7672,99.6696,103.0221,85.1808,82.519,86.4399666666667,82.8749333333333,90.2406333333333,86.5185111111111,44.336237037037,28,84,7,"AS017",43.434493,-79.904435,"Rural",48930.8160490192,48.9308160490192,"Rural",-3.0900825
"18","MW008",8,5,6,1,3,5,NA,"7/4/2021","7/26/2021","7/26/2021",21,18,8,3.09,2.29,8.57,3.7,8.82,8.57,0,3.39,2.17,8.26,4.4,9.48,9.49,0,3.77,2.3,6.72,4.61,8.69,8.61,0,17,2.96,2.25,6.68,4.56,9.11,9.08,4,3.27,2.31,7.36,4.38,8.72,8.88,1,4,2.37,7.41,4.12,9.03,8.57,3,12,3.73,2.46,7.52,3.98,8.74,8.85,1,4.45,2.25,6.03,4.76,9.37,9.32,0,3.63,2.04,5.37,4.24,8.88,9.35,0,1,7.0761,7.3563,8.671,6.66,7.5537,9.48,9.1758,10.0125,7.4052,7.70113333333333,7.8979,8.8645,8.15451111111111,31.709,36.344,30.9792,30.4608,32.2368,30.5292,29.9296,28.7028,22.7688,33.0107333333333,31.0756,27.1337333333333,30.4066888888889,75.5874,89.9652,74.8209,82.7188,77.4336,77.3871,77.349,87.3284,83.028,80.1245,79.1798333333333,82.5684666666667,80.6242666666667,39.7284888888889,12.3333333333333,37,8,"AS021",43.457451,-79.866815,"Rural",45019.0640911002,45.0190640911002,"Rural",-1.67951
"19","MW011",11,18,17,3,1,5,NA,"6/30/2021","7/7/2021",NA,0,2,7,4.02,2.31,6.9,4.19,7.46,7.62,1,4.15,2.88,7.31,3.29,7.89,7.67,5,3.88,1.95,7.38,4.011,7.55,7.51,5,12,4.47,2.22,7.94,4.11,7.4,8.09,0,3.9,2.25,7.38,4.42,7.68,6.84,3,3.77,2.14,6.87,3.8,7.5,7.59,2,NA,NA,NA,NA,NA,NA,NA,NA,NA,NA,NA,NA,NA,NA,NA,NA,NA,NA,NA,NA,NA,NA,1,9.2862,11.952,7.566,9.9234,8.775,8.0678,NA,NA,NA,9.6014,8.92206666666667,NA,9.26173333333333,28.911,24.0499,29.60118,32.6334,32.6196,26.106,NA,NA,NA,27.5206933333333,30.453,NA,28.9868466666667,56.8452,60.5163,56.7005,59.866,52.5312,56.925,NA,NA,NA,58.0206666666667,56.4407333333333,NA,57.2307,31.8264266666667,9.5,19,11,"AS024",43.589594,-79.638468,"South",22044.809923962,22.044809923962,"Urban",2.10156
"20","MW011",11,11,3,1,1,3,NA,"7/1/2021","7/21/2021","08/06/2021",1,11,22,3.49,2.3,9.46,4.06,9.05,9.24,1,3.82,2.5,8.08,4.03,10.09,10.03,0,3.92,2.52,9.44,4.03,10.32,10.04,2,2,3.3,2.35,7.53,4.57,9.2,9.21,1,4.35,2.24,7.63,4.52,9.6,9.2,0,NA,NA,NA,NA,NA,NA,NA,9,3.3,2.17,7.04,4.35,7.63,7.53,0,3.05,2.15,7.73,4.01,8.53,9,2,4.09,2.13,8.11,4.51,8.86,8.83,2,1,8.027,9.55,9.8784,7.755,9.744,NA,7.161,6.5575,8.7117,9.1518,8.7495,7.47673333333333,8.45934444444444,38.4076,32.5624,38.0432,34.4121,34.4876,NA,30.624,30.9973,36.5761,36.3377333333333,34.44985,32.7324666666667,34.5066833333333,83.622,101.2027,103.6128,84.732,88.32,NA,57.4539,76.77,78.2338,96.1458333333333,86.526,70.8192333333333,84.4970222222222,42.4876833333333,11,33,11,"AS024",43.589594,-79.638468,"South",22044.809923962,22.044809923962,"Urban",2.10156
"21","MW011",11,5,7,1,1,2,NA,"7/14/2021","7/16/2021",NA,0,2,14,3.94,1.95,7.56,3.9,7.06,7.11,1,3.67,1.84,8.55,3.68,7.16,7.31,1,4.12,2.01,7.11,4.25,6.73,7.03,3,12,3.75,1.48,7.79,3.6,6.34,6.08,1,3.49,2,8.36,3.87,7.36,7.71,4,4.12,2.1,6.66,4.28,7.76,7.5,4,NA,NA,NA,NA,NA,NA,NA,NA,NA,NA,NA,NA,NA,NA,NA,NA,NA,NA,NA,NA,NA,NA,1,7.683,6.7528,8.2812,5.55,6.98,8.652,NA,NA,NA,7.57233333333333,7.06066666666667,NA,7.3165,29.484,31.464,30.2175,28.044,32.3532,28.5048,NA,NA,NA,30.3885,29.634,NA,30.01125,50.1966,52.3396,47.3119,38.5472,56.7456,58.2,NA,NA,NA,49.9493666666667,51.1642666666667,NA,50.5568166666667,29.2948555555556,13,26,11,"AS024",43.589594,-79.638468,"South",22044.809923962,22.044809923962,"Urban",2.10156
"22","MW012",12,13,29,4,1,2,NA,"08/12/2021","08/12/2022",NA,0,1,5,NA,NA,NA,NA,NA,NA,NA,NA,NA,NA,NA,NA,NA,NA,NA,NA,NA,NA,NA,NA,NA,NA,NA,NA,NA,NA,NA,NA,NA,NA,NA,NA,NA,NA,NA,NA,NA,NA,NA,NA,NA,NA,NA,NA,NA,NA,NA,NA,NA,NA,NA,NA,NA,NA,NA,NA,NA,NA,NA,NA,NA,NA,NA,NA,NA,1,NA,NA,NA,NA,NA,NA,NA,NA,NA,NA,NA,NA,NA,NA,NA,NA,NA,NA,NA,NA,NA,NA,NA,NA,NA,NA,NA,NA,NA,NA,NA,NA,NA,NA,NA,NA,NA,NA,NA,NA,5,5,12,"AS025",43.534585,-79.645432,"South",25268.1118797278,25.2681118797278,"Urban",0.4053
"23","MW012",12,3,40,2,5,3,NA,"7/12/2021","7/19/2021","08/09/2021",2,3,1,4.36,2.38,7.81,4.02,8.22,8.38,1,NA,NA,NA,NA,NA,NA,NA,NA,NA,NA,NA,NA,NA,NA,19,3.92,2.06,7.6,4.15,8.85,8.77,0,4.07,2.46,8.22,4.26,8.97,9.73,0,3.26,2.27,7.63,4.32,8.22,7.68,4,22,5.29,2.24,7.39,4.07,9.48,9.59,2,5.01,2.13,8.19,3.78,9.65,9.82,3,4.51,2.11,5.96,3.6,8.82,8.85,2,1,10.3768,NA,NA,8.0752,10.0122,7.4002,11.8496,10.6713,9.5161,10.3768,8.49586666666667,10.679,9.85055555555556,31.3962,NA,NA,31.54,35.0172,32.9616,30.0773,30.9582,21.456,31.3962,33.1729333333333,27.4971666666667,30.6887666666667,68.8836,NA,NA,77.6145,87.2781,63.1296,90.9132,94.763,78.057,68.8836,76.0074,87.9110666666667,77.6006888888889,39.3800037037037,14,42,12,"AS025",43.534585,-79.645432,"South",25268.1118797278,25.2681118797278,"Urban",0.4053
"24","MW012",12,7,33,2,2,2,NA,"7/19/2021","7/21/2021","08/12/2021",3,2,20,5.39,2.27,8.03,3.88,8.72,8.86,1,5.25,2.29,8.86,4.03,9.58,9.42,1,4.69,2.14,7.81,3.85,9.23,8.24,0,22,4.71,1.9,7.74,3.67,8.33,8.43,2,5.26,2.21,8.19,3.35,9.52,9.21,0,5.41,1.92,8.63,3.61,8.92,8.59,0,NA,NA,NA,NA,NA,NA,NA,NA,NA,NA,NA,NA,NA,NA,NA,NA,NA,NA,NA,NA,NA,NA,1,12.2353,12.0225,10.0366,8.949,11.6246,10.3872,NA,NA,NA,11.4314666666667,10.3202666666667,NA,10.8758666666667,31.1564,35.7058,30.0685,28.4058,27.4365,31.1543,NA,NA,NA,32.3102333333333,28.9988666666667,NA,30.65455,77.2592,90.2436,76.0552,70.2219,87.6792,76.6228,NA,NA,NA,81.186,78.1746333333333,NA,79.6803166666667,40.4035777777778,21,42,12,"AS025",43.534585,-79.645432,"South",25268.1118797278,25.2681118797278,"Urban",0.4053
"25","MW012",12,3,1,1,5,1,NA,"7/3/2021","7/12/2021","7/30/2021",6,5,4,3.35,2.71,4.4,3.78,6.44,6.68,0,2.45,1.98,5.72,4.46,7.78,7.87,0,3.03,2.05,4.85,3.76,6.45,7.37,0,10,3.49,2.09,5.99,3.95,7.44,8.06,0,3.63,2.32,7.43,4.24,6.81,8.44,0,4.04,1.87,6.44,4.67,6.29,5.82,1,19,4.11,2.37,7.22,4.75,7.52,7.9,0,4.01,2.35,6.48,4.23,6.66,6.78,0,4.4,2.37,6.55,4.3,7.5,7.43,0,1,9.0785,4.851,6.2115,7.2941,8.4216,7.5548,9.7407,9.4235,10.428,6.71366666666667,7.75683333333333,9.86406666666667,8.11152222222222,16.632,25.5112,18.236,23.6605,31.5032,30.0748,34.295,27.4104,28.165,20.1264,28.4128333333333,29.9568,26.1653444444444,43.0192,61.2286,47.5365,59.9664,57.4764,36.6078,59.408,45.1548,55.725,50.5947666666667,51.3502,53.4292666666667,51.7914111111111,28.6894259259259,11,33,12,"AS025",43.534585,-79.645432,"South",25268.1118797278,25.2681118797278,"Urban",0.4053
"26","MW012",12,11,28,4,2,1,NA,"7/9/2021","7/16/2021","08/16/2021",1,2,3,4.33,2.33,7.43,3.85,8.29,8.58,0,4.25,2.48,8.17,3.93,8.42,8.45,0,4.34,2.29,6.22,3.85,7.7,7.69,2,26,5.01,2.47,6.49,3.74,8.58,8.71,1,3.98,2.23,6.54,3.22,9.39,9.4,3,4.06,2.25,6.55,3.96,7.55,7.86,2,NA,NA,NA,NA,NA,NA,NA,NA,NA,NA,NA,NA,NA,NA,NA,NA,NA,NA,NA,NA,NA,NA,1,10.0889,10.54,9.9386,12.3747,8.8754,9.135,NA,NA,NA,10.1891666666667,10.1283666666667,NA,10.1587666666667,28.6055,32.1081,23.947,24.2726,21.0588,25.938,NA,NA,NA,28.2202,23.7564666666667,NA,25.9883333333333,71.1282,71.149,59.213,74.7318,88.266,59.343,NA,NA,NA,67.1634,74.1136,NA,70.6385,35.5952,14.5,29,12,"AS025",43.534585,-79.645432,"South",25268.1118797278,25.2681118797278,"Urban",0.4053
"27","MW012",12,17,17,3,2,5,"Second inflor completely eaten except for corollas","6/30/2021","7/14/2021",NA,0,2,19,4.29,2.52,7.35,3.68,8.93,8.25,2,4.85,2.46,8.55,4.25,8.56,8.42,2,3.67,2.25,7.78,4.18,8.25,8.39,4,9,NA,NA,NA,NA,NA,NA,NA,NA,NA,NA,NA,NA,NA,NA,NA,NA,NA,NA,NA,NA,NA,NA,NA,NA,NA,NA,NA,NA,NA,NA,NA,NA,NA,NA,NA,NA,NA,NA,NA,NA,NA,NA,NA,1,10.8108,11.931,8.2575,NA,NA,NA,NA,NA,NA,10.3331,NA,NA,10.3331,27.048,36.3375,32.5204,NA,NA,NA,NA,NA,NA,31.9686333333333,NA,NA,31.9686333333333,73.6725,72.0752,69.2175,NA,NA,NA,NA,NA,NA,71.6550666666667,NA,NA,71.6550666666667,37.9856,14,28,12,"AS025",43.534585,-79.645432,"South",25268.1118797278,25.2681118797278,"Urban",0.4053
"28","MW012",12,14,32,4,2,3,NA,"7/6/2021","7/10/2021",NA,0,1,46,2.97,2,6.98,3.46,7.82,7.52,1,3.33,1.7,6.2,3.62,8.72,8.64,2,4,1.88,4.42,3.78,8.29,8.1,0,NA,NA,NA,NA,NA,NA,NA,NA,NA,NA,NA,NA,NA,NA,NA,NA,NA,NA,NA,NA,NA,NA,NA,NA,NA,NA,NA,NA,NA,NA,NA,NA,NA,NA,NA,NA,NA,NA,NA,NA,NA,NA,NA,NA,1,5.94,5.661,7.52,NA,NA,NA,NA,NA,NA,6.37366666666667,NA,NA,6.37366666666667,24.1508,22.444,16.7076,NA,NA,NA,NA,NA,NA,21.1008,NA,NA,21.1008,58.8064,75.3408,67.149,NA,NA,NA,NA,NA,NA,67.0987333333333,NA,NA,67.0987333333333,31.5244,46,46,12,"AS025",43.534585,-79.645432,"South",25268.1118797278,25.2681118797278,"Urban",0.4053
"29","MW013",13,14,39,4,2,1,NA,"7/6/2021","7/19/2021","08/06/2021",17,11,32,3.18,2.58,7.48,4.52,9.09,9.72,2,3.52,2.73,7.81,4.48,9.8,9.81,0,3.81,2.57,8.18,4.49,9.5,9.7,0,24,3.26,2.41,8.55,4.23,9.6,9.52,0,3.78,2.5,8.3,4.42,9.89,9.23,0,4.32,2.62,7.92,4.16,9.06,9.25,0,29,3.76,2.69,8.75,4.82,9.93,9.49,1,3.42,2.51,9.52,4.23,9.2,9.11,1,3.92,2.35,7.41,4.4,7.31,7.53,8,1,8.2044,9.6096,9.7917,7.8566,9.45,11.3184,10.1144,8.5842,9.212,9.2019,9.54166666666667,9.30353333333333,9.34903333333333,33.8096,34.9888,36.7282,36.1665,36.686,32.9472,42.175,40.2696,32.604,35.1755333333333,35.2665666666667,38.3495333333333,36.2638777777778,88.3548,96.138,92.15,91.392,91.2847,83.805,94.2357,83.812,55.0443,92.2142666666667,88.8272333333333,77.6973333333333,86.2462777777778,43.953062962963,28.3333333333333,85,13,"AS026",43.615384,-79.570454,"South",15936.9812417788,15.9369812417788,"Urban",2.12016
"30","MW013",13,3,5,1,5,5,NA,"7/16/2021","7/21/2021","08/09/2021",10,3,62,4.18,2.26,8.93,3.53,7.19,7.15,4,4.52,2.27,9.28,4.32,7.46,7.27,4,4.65,2.35,8.67,3.94,7.31,7.26,NA,34,4.28,2.29,9.82,4.08,7.4,7.95,1,4.4,2.34,9.56,4.4,7.26,7.22,3,4.04,2.18,8.65,4.12,7.64,7.41,0,29,4.84,2.36,9.09,4.12,7.84,7.75,2,4.13,2.17,8.76,3.88,8.2,8.19,1,4.42,2.39,9.35,3.61,8.26,8.38,0,1,9.4468,10.2604,10.9275,9.8012,10.296,8.8072,11.4224,8.9621,10.5638,10.2115666666667,9.6348,10.3161,10.0541555555556,31.5229,40.0896,34.1598,40.0656,42.064,35.638,37.4508,33.9888,33.7535,35.2574333333333,39.2558666666667,35.0643666666667,36.5258888888889,51.4085,54.2342,53.0706,58.83,52.4172,56.6124,60.76,67.158,69.2188,52.9044333333333,55.9532,65.7122666666667,58.1899666666667,34.923337037037,41.6666666666667,125,13,"AS026",43.615384,-79.570454,"South",15936.9812417788,15.9369812417788,"Urban",2.12016
"31","MW015",15,19,45,4,3,2,NA,"6/21/2021","7/3/2021","7/21/2021",3,6,28,2.24,4.41,6.72,3.71,7.58,7.83,1,2.79,5.44,8.45,4.69,8.02,8.75,0,2.53,3.18,7.18,4.65,8.82,9.66,0,15,5.05,2.49,7.43,4.5,9.47,8.86,2,5.21,2.58,9.12,4.15,7.69,7.82,0,5.59,2.8,7.98,4.83,7.87,8.36,1,25,5.15,2.46,4.36,8.76,8.01,7.91,2,4.83,2.46,8.07,4.11,7.39,7.33,0,2.24,4.64,7.44,3.38,8.18,8.23,1,1,9.8784,15.1776,8.0454,12.5745,13.4418,15.652,12.669,11.8818,10.3936,11.0338,13.8894333333333,11.6481333333333,12.1904555555556,24.9312,39.6305,33.387,33.435,37.848,38.5434,38.1936,33.1677,25.1472,32.6495666666667,36.6088,32.1695,33.8092888888889,59.3514,70.175,85.2012,83.9042,60.1358,65.7932,63.3591,54.1687,67.3214,71.5758666666667,69.9444,61.6164,67.7122222222222,37.9039888888889,22.6666666666667,68,15,"AS028",43.661177,-79.500382,"South",9637.37613958796,9.63737613958796,"Urban",0.148848
"32","MW015",15,8,20,1,5,1,"really interesting! super short plant (30ish cm) yet has 8 inflors! id guess over 100 flowers!","7/4/2021","7/16/2021","08/09/2021",2,3,23,3.42,2.14,7.61,3.83,9.11,9.27,0,3.88,2.85,7.68,3.75,9.08,9.25,1,4.41,2.11,7.8,3.71,9.44,9.34,1,21,4.12,2.07,7.79,4.39,9.1,8.87,1,4.19,2.1,7.33,3.91,7.39,8.12,0,4.34,2.17,7.9,3.9,8.76,8.21,2,5,4.05,2.11,6.27,3.88,6.17,6.34,0,4.42,1.91,6.5,3.67,8.79,8.94,2,4.03,2.03,8.11,3.78,6.72,7.98,1,1,7.3188,11.058,9.3051,8.5284,8.799,9.4178,8.5455,8.4422,8.1809,9.2273,8.91506666666667,8.38953333333333,8.84396666666667,29.1463,28.8,28.938,34.1981,28.6603,30.81,24.3276,23.855,30.6558,28.9614333333333,31.2228,26.2794666666667,28.8212333333333,84.4497,83.99,88.1696,80.717,60.0068,71.9196,39.1178,78.5826,53.6256,85.5364333333333,70.8811333333333,57.1086666666667,71.1754111111111,36.2802037037037,16.3333333333333,49,15,"AS028",43.661177,-79.500382,"South",9637.37613958796,9.63737613958796,"Urban",0.148848
"33","MW016",16,7,41,2,3,5,NA,"6/29/2021","7/16/2021","08/09/2021",12,12,18,4.06,2.4,7.3,4.78,10.48,10.29,3,4.1,2.55,6.155,5.26,9.01,8.72,0,3.54,2.52,6,4.68,10.17,10.24,3,30,3.26,2.73,6.24,4.89,9.99,9.81,0,4.09,2.33,6.96,4.19,8.82,8.6,0,3.38,2.28,7.15,4.43,9.16,9.82,2,6,3.65,2.18,6.58,3.7,7.29,7.75,0,3.93,2.32,6.36,4.3,8.07,7.31,1,3.42,2.48,7.37,4.05,7.92,7.26,0,1,9.744,10.455,8.9208,8.8998,9.5297,7.7064,7.957,9.1176,8.4816,9.7066,8.71196666666667,8.51873333333333,8.9791,34.894,32.3753,28.08,30.5136,29.1624,31.6745,24.346,27.348,29.8485,31.7831,30.4501666666667,27.1808333333333,29.8047,107.8392,78.5672,104.1408,98.0019,75.852,89.9512,56.4975,58.9917,57.4992,96.8490666666667,87.9350333333333,57.6628,80.8156333333333,39.8664777777778,18,54,16,"AS029",43.711948,-79.535894,"North",13928.7929727584,13.9287929727584,"Urban",0.113649
"34","MW017",17,3,18,1,1,1,NA,"7/12/2021","7/16/2021",NA,0,2,15,3.85,2.17,6.13,3.85,6.96,7.21,0,3.48,2.2,6.9,4.02,8.49,8.19,0,3.91,2.41,6.37,3.71,7.8,8.12,1,11,4.5,2.06,6.74,3.96,7.3,7.05,0,4.15,2.11,6.19,3.54,6.3,6.32,0,3.65,2.02,7.46,3.82,8.07,8.11,0,NA,NA,NA,NA,NA,NA,NA,NA,NA,NA,NA,NA,NA,NA,NA,NA,NA,NA,NA,NA,NA,NA,1,8.3545,7.656,9.4231,9.27,8.7565,7.373,NA,NA,NA,8.47786666666667,8.4665,NA,8.47218333333333,23.6005,27.738,23.6327,26.6904,21.9126,28.4972,NA,NA,NA,24.9904,25.7000666666667,NA,25.3452333333333,50.1816,69.5331,63.336,51.465,39.816,65.4477,NA,NA,NA,61.0169,52.2429,NA,56.6299,30.1491055555556,13,26,17,"AS030",43.501061,-79.844567,"Rural",41192.64328354,41.19264328354,"Rural",-0.230729
"35","MW018",18,1,37,2,1,2,NA,"7/12/2021","7/19/2021",NA,0,1,2,3.72,2.32,5.76,4.06,7.7,7.79,0,4.24,2.38,6.7,3.9,7.35,6.7,0,NA,NA,NA,NA,NA,NA,NA,NA,NA,NA,NA,NA,NA,NA,NA,NA,NA,NA,NA,NA,NA,NA,NA,NA,NA,NA,NA,NA,NA,NA,NA,NA,NA,NA,NA,NA,NA,NA,NA,NA,NA,NA,NA,NA,NA,NA,NA,NA,NA,NA,NA,1,8.6304,10.0912,NA,NA,NA,NA,NA,NA,NA,9.3608,NA,NA,9.3608,23.3856,26.13,NA,NA,NA,NA,NA,NA,NA,24.7578,NA,NA,24.7578,59.983,49.245,NA,NA,NA,NA,NA,NA,NA,54.614,NA,NA,54.614,29.5775333333333,2,2,18,"AS031",43.484111,-79.837702,"Rural",41532.0035061599,41.5320035061599,"Rural",-0.0445896
"36","MW018",18,16,33,4,2,5,NA,"7/9/2021","7/14/2021","08/06/2021",4,2,2,4.36,2.27,6.49,4.08,6.63,6.4,0,3.63,2.2,6.38,4.11,7.37,7.09,0,NA,NA,NA,NA,NA,NA,NA,29,4.41,2.5,7.85,4.43,9.06,9.66,1,4.72,2.54,7.74,4.38,9.6,9.45,1,4.4,2.49,8.36,4.67,9.23,9.55,3,NA,NA,NA,NA,NA,NA,NA,NA,NA,NA,NA,NA,NA,NA,NA,NA,NA,NA,NA,NA,NA,NA,1,9.8972,7.986,NA,11.025,11.9888,10.956,NA,NA,NA,8.9416,11.3232666666667,NA,10.1324333333333,26.4792,26.2218,NA,34.7755,33.9012,39.0412,NA,NA,NA,26.3505,35.9059666666667,NA,31.1282333333333,42.432,52.2533,NA,87.5196,90.72,88.1465,NA,NA,NA,47.34265,88.7953666666667,NA,68.0690083333333,36.443225,15.5,31,18,"AS031",43.484111,-79.837702,"Rural",41532.0035061599,41.5320035061599,"Rural",-0.0445896
"37","MW019",19,7,39,2,5,3,"2nd inflor very eaten","7/30/2021","7/30/2021","8/22/2021",1,2,19,4.9,2.46,7.83,4.21,9.08,9.04,2,4.66,2.71,8.11,4.6,9.06,9.21,5,5.01,2.52,8.42,4.94,9.33,9.53,4,9,NA,NA,NA,NA,NA,NA,NA,NA,NA,NA,NA,NA,NA,NA,NA,NA,NA,NA,NA,NA,NA,NA,NA,NA,NA,NA,NA,NA,NA,NA,NA,NA,NA,NA,NA,NA,NA,NA,NA,NA,NA,NA,NA,1,12.054,12.6286,12.6252,NA,NA,NA,NA,NA,NA,12.4359333333333,NA,NA,12.4359333333333,32.9643,37.306,41.5948,NA,NA,NA,NA,NA,NA,37.2883666666667,NA,NA,37.2883666666667,82.0832,83.4426,88.9149,NA,NA,NA,NA,NA,NA,84.8135666666667,NA,NA,84.8135666666667,44.8459555555556,14,28,19,"AS032",43.41401,-79.953028,"Rural",53473.1891361251,53.4731891361251,"Rural",-3.44897
"38","MW019",19,6,19,1,5,2,NA,"7/14/2021","7/19/2021","08/09/2021",3,3,29,3.35,2.37,8.82,4.56,8.71,8.78,1,3.23,2.14,8.51,4.37,8.31,8.82,1,3.28,2.09,6.88,4.07,7.35,7.48,0,21,3.67,2.65,8.23,4.34,8.28,8.6,2,3.1,2.62,8.83,4.3,8.72,8.83,2,4.03,2.67,7.54,4.47,7.38,6.93,1,10,4.14,2.47,8.88,4.22,8.85,8.91,5,3.63,2.45,6.65,3.53,8.53,8.76,2,3.4,2.25,8.07,4.11,8.81,8.59,4,1,7.9395,6.9122,6.8552,9.7255,8.122,10.7601,10.2258,8.8935,7.65,7.23563333333333,9.53586666666667,8.9231,8.56486666666667,40.2192,37.1887,28.0016,35.7182,37.969,33.7038,37.4736,23.4745,33.1677,35.1365,35.797,31.3719333333333,34.1018111111111,76.4738,73.2942,54.978,71.208,76.9976,51.1434,78.8535,74.7228,75.6779,68.2486666666667,66.4496666666667,76.4180666666667,70.3721333333333,37.6796037037037,20,60,19,"AS032",43.41401,-79.953028,"Rural",53473.1891361251,53.4731891361251,"Rural",-3.44897
"39","MW019",19,14,29,4,1,2,NA,"08/06/2021","08/09/2021",NA,0,2,8,4.31,2.41,6.9,4.27,8.41,8.74,3,NA,NA,NA,NA,NA,NA,NA,NA,NA,NA,NA,NA,NA,NA,11,3.93,2.04,8.04,3.43,8.64,8.48,2,4.66,2.17,8.45,4.05,8.73,8.75,2,4.05,1.92,7.65,3.38,NA,NA,5,NA,NA,NA,NA,NA,NA,NA,NA,NA,NA,NA,NA,NA,NA,NA,NA,NA,NA,NA,NA,NA,NA,1,10.3871,NA,NA,8.0172,10.1122,7.776,NA,NA,NA,10.3871,8.63513333333333,NA,9.51111666666667,29.463,NA,NA,27.5772,34.2225,25.857,NA,NA,NA,29.463,29.2189,NA,29.34095,73.5034,NA,NA,73.2672,76.3875,NA,NA,NA,NA,73.5034,74.82735,NA,74.165375,37.6724805555556,9.5,19,19,"AS032",43.41401,-79.953028,"Rural",53473.1891361251,53.4731891361251,"Rural",-3.44897
"40","MW020",20,15,43,4,5,2,NA,"7/9/2021","7/16/2021",NA,0,3,10,4.32,2.35,7.97,3.6,7.66,7.74,1,3.72,2.32,7.82,3.88,7.66,7.2,2,3.42,2.25,7.05,3.57,6.93,7.17,0,13,4.13,2.19,6.79,3.59,7.69,7.89,2,4.11,2.31,7.14,3.66,7.88,7.97,1,3.96,2.29,6.35,3.46,7.54,8.03,2,2,NA,NA,NA,NA,NA,NA,NA,NA,NA,NA,NA,NA,NA,NA,NA,NA,NA,NA,NA,NA,NA,1,10.152,8.6304,7.695,9.0447,9.4941,9.0684,NA,NA,NA,8.8258,9.2024,NA,9.0141,28.692,30.3416,25.1685,24.3761,26.1324,21.971,NA,NA,NA,28.0673666666667,24.1598333333333,NA,26.1136,59.2884,55.152,49.6881,60.6741,62.8036,60.5462,NA,NA,NA,54.7095,61.3413,NA,58.0254,31.0510333333333,8.33333333333333,25,20,"AS033",43.387612,-79.959232,"Rural",55443.5483441203,55.4435483441203,"Rural",-3.34998
"41","MW021",21,4,1,1,4,1,"inflor eaten before quantified","7/10/2021","7/21/2021",NA,0,2,7,3.8,2.25,7.01,3.67,7.28,6.44,0,3.32,1.97,6.41,3.65,7.11,6.86,1,3.3,1.7,6,3.24,6.35,6.43,1,1,4.51,2.3,6.56,4.13,6.41,6.8,0,NA,NA,NA,NA,NA,NA,NA,NA,NA,NA,NA,NA,NA,NA,NA,NA,NA,NA,NA,NA,NA,NA,NA,NA,NA,NA,NA,NA,NA,NA,NA,NA,NA,NA,NA,NA,1,8.55,6.5404,5.61,10.373,NA,NA,NA,NA,NA,6.90013333333333,10.373,NA,8.63656666666667,25.7267,23.3965,19.44,27.0928,NA,NA,NA,NA,NA,22.8544,27.0928,NA,24.9736,46.8832,48.7746,40.8305,43.588,NA,NA,NA,NA,NA,45.4961,43.588,NA,44.54205,26.0507388888889,4,8,21,"AS034",43.399222,-79.930576,"Rural",52795.3944398004,52.7953944398004,"Rural",-3.55627
"42","MW021",21,4,6,1,2,3,NA,"7/16/2021","7/26/2021","08/09/2021",4,5,48,5.15,2.55,8.31,3.76,8.38,8.42,1,4.7,2.71,7.87,3.82,8.16,8.28,4,5.04,2.52,6.98,3.08,8.21,7.72,2,58,4.82,2.71,7.94,3.49,8.07,8.19,2,5.16,2.47,8.14,3.33,7.26,7.4,1,5.4,2.85,8.44,3.97,8.31,8.29,0,41,4.37,2.44,7.41,3.26,8.26,7.85,1,5.58,2.79,8.11,3.13,8.17,8.18,3,5.23,2.78,7.98,3.61,7.99,8.3,2,1,13.1325,12.737,12.7008,13.0622,12.7452,15.39,10.6628,15.5682,14.5394,12.8567666666667,13.7324666666667,13.5901333333333,13.3931222222222,31.2456,30.0634,21.4984,27.7106,27.1062,33.5068,24.1566,25.3843,28.8078,27.6024666666667,29.4412,26.1162333333333,27.7199666666667,70.5596,67.5648,63.3812,66.0933,53.724,68.8899,64.841,66.8306,66.317,67.1685333333333,62.9024,65.9962,65.3557111111111,35.4896,49,147,21,"AS034",43.399222,-79.930576,"Rural",52795.3944398004,52.7953944398004,"Rural",-3.55627
"43","MW021",21,18,30,4,1,5,NA,"7/21/2021","7/30/2021","08/19/2021",3,4,18,5.24,2.5,7.63,3.75,7.24,6.82,3,4.95,2.8,7.77,3.83,7.23,6.96,1,5.09,2.67,7.61,3.56,6.98,6.8,3,32,5.06,2.5,8.07,4.03,6.75,6.85,3,5.49,2.46,6.73,3.76,7.31,7.1,4,5.09,2.46,7.79,3.38,6.51,6.5,1,33,4.17,2.4,6,3.75,6.6,7.08,1,5.07,2.41,6.88,3.57,6.83,6.43,3,4.84,2.41,6.64,3.9,7.17,7.11,2,1,13.1,13.86,13.5903,12.65,13.5054,12.5214,10.008,12.2187,11.6644,13.5167666666667,12.8922666666667,11.2970333333333,12.5686888888889,28.6125,29.7591,27.0916,32.5221,25.3048,26.3302,22.5,24.5616,25.896,28.4877333333333,28.0523666666667,24.3192,26.9531,49.3768,50.3208,47.464,46.2375,51.901,42.315,46.728,43.9169,50.9787,49.0538666666667,46.8178333333333,47.2078666666667,47.6931888888889,29.0716592592593,27.6666666666667,83,21,"AS034",43.399222,-79.930576,"Rural",52795.3944398004,52.7953944398004,"Rural",-3.55627
"44","MW021",21,14,7,3,1,4,NA,"7/12/2021","08/06/2021","08/09/2021",2,6,36,4.03,2.85,7.18,4.11,8.34,8.2,2,4.14,2.51,6.76,3.74,8.3,8.08,1,3.4,2.52,7.41,3.77,8.31,8.32,3,31,4.77,2.57,7.06,3.6,9.57,9.84,3,4.54,2.5,7.44,4.12,8.71,9.02,5,4.44,2.36,6.66,3.8,7.98,8.08,3,28,5,2.66,6.83,3.67,8.53,8.62,3,4.91,2.59,7.06,3.93,8.52,8.91,4,4.43,2.56,7.65,3.86,8.48,8.71,3,1,11.4855,10.3914,8.568,12.2589,11.35,10.4784,13.3,12.7169,11.3408,10.1483,11.3624333333333,12.4525666666667,11.3211,29.5098,25.2824,27.9357,25.416,30.6528,25.308,25.0661,27.7458,29.529,27.5759666666667,27.1256,27.4469666666667,27.3828444444444,68.388,67.064,69.1392,94.1688,78.5642,64.4784,73.5286,75.9132,73.8608,68.1970666666667,79.0704666666667,74.4342,73.9005777777778,37.5348407407407,31.6666666666667,95,21,"AS034",43.399222,-79.930576,"Rural",52795.3944398004,52.7953944398004,"Rural",-3.55627
"45","MW021",21,8,33,2,1,2,NA,"7/13/2021","7/26/2021","08/09/2021",2,2,20,3.9,2.44,6.28,3.61,7.13,7.14,1,3.99,2.39,6.18,3.35,7.02,6.98,1,4.09,2.39,6.47,3.75,7.43,7.43,2,25,4.7,2.43,7.23,3.72,7.35,7.58,3,4.28,2.54,7.53,3.61,7.35,7.53,3,4.34,2.74,7.06,3.64,7.91,7.46,0,NA,NA,NA,NA,NA,NA,NA,NA,NA,NA,NA,NA,NA,NA,NA,NA,NA,NA,NA,NA,NA,NA,1,9.516,9.5361,9.7751,11.421,10.8712,11.8916,NA,NA,NA,9.60906666666667,11.3946,NA,10.5018333333333,22.6708,20.703,24.2625,26.8956,27.1833,25.6984,NA,NA,NA,22.5454333333333,26.5924333333333,NA,24.5689333333333,50.9082,48.9996,55.2049,55.713,55.3455,59.0086,NA,NA,NA,51.7042333333333,56.6890333333333,NA,54.1966333333333,29.7558,22.5,45,21,"AS034",43.399222,-79.930576,"Rural",52795.3944398004,52.7953944398004,"Rural",-3.55627
"46","MW028",28,9,1,1,1,5,"Flowers all eaten or fell off so no follicles","7/5/2021","7/14/2021",NA,0,5,13,3.11,1.44,7.31,3.16,6.18,5.76,0,2.67,1.76,6.56,3.23,6.26,6.38,1,2.91,1.72,6.54,3.18,5.48,5.77,0,6,3.34,1.69,7.21,3.34,5.97,5.77,0,3.07,1.87,7.23,3.81,6.57,5.89,1,2.68,1.57,5.86,3.16,5.9,6.21,1,NA,NA,NA,NA,NA,NA,NA,NA,NA,NA,NA,NA,NA,NA,NA,NA,NA,NA,NA,NA,NA,NA,1,4.4784,4.6992,5.0052,5.6446,5.7409,4.2076,NA,NA,NA,4.7276,5.1977,NA,4.96265,23.0996,21.1888,20.7972,24.0814,27.5463,18.5176,NA,NA,NA,21.6952,23.3817666666667,NA,22.5384833333333,35.5968,39.9388,31.6196,34.4469,38.6973,36.639,NA,NA,NA,35.7184,36.5944,NA,36.1564,21.2191777777778,9.5,19,28,"AS041",43.713472,-79.463271,"North",9188.66419885103,9.18866419885103,"Urban",1.62646
"47","MW029",29,7,46,2,5,2,NA,"7/14/2021","7/23/2021",NA,0,3,14,4.29,2.43,7.06,4.04,8.6,8.24,1,4.53,2.43,6.26,3.77,7.69,8.42,0,4.14,2.33,6.78,3.79,8.53,8.63,0,12,4.39,2.37,6.3,2.9,8.43,8.34,3,4.98,2.47,4.63,3.01,8.25,8.41,4,4.93,2.61,6.04,3.38,8.4,8.4,3,6,5.12,2.67,7.31,3.98,7.31,7.13,0,4.64,2.16,5.35,3.07,5.5,5.66,2,5.12,2.68,6.68,4.08,8.77,8.74,2,1,10.4247,11.0079,9.6462,10.4043,12.3006,12.8673,13.6704,10.0224,13.7216,10.3596,11.8574,12.4714666666667,11.5628222222222,28.5224,23.6002,25.6962,18.27,13.9363,20.4152,29.0938,16.4245,27.2544,25.9396,17.5405,24.2575666666667,22.5792222222222,70.864,64.7498,73.6139,70.3062,69.3825,70.56,52.1203,31.13,76.6498,69.7425666666667,70.0829,53.3000333333333,64.3751666666667,32.8390703703704,10.6666666666667,32,29,"AS042",43.713584,-79.475768,"North",9947.02200379316,9.94702200379316,"Urban",1.68161
"48","MW030",30,7,40,2,4,4,NA,"7/16/2021","7/26/2021",NA,0,6,61,4.32,2.49,9.02,4.28,9.08,9.18,3,4.76,2.53,8.83,4.32,9.35,9.55,1,4.95,2.55,9.58,4.1,9.7,9.13,2,29,5.02,2.31,7.93,4.05,9.65,9.58,2,4.75,2.36,8.33,3.9,9.3,9.33,2,4.22,2.44,8.54,4.64,9.46,9.67,3,40,4.58,2.4,7.4,4.24,9.06,9.46,3,5.1,2.48,8.81,3.57,9.15,8.97,0,4.57,2.12,9.52,4.21,9.45,9.48,2,1,10.7568,12.0428,12.6225,11.5962,11.21,10.2968,10.992,12.648,9.6884,11.8073666666667,11.0343333333333,11.1094666666667,11.3170555555556,38.6056,38.1456,39.278,32.1165,32.487,39.6256,31.376,31.4517,40.0792,38.6764,34.7430333333333,34.3023,35.9072444444444,83.3544,89.2925,88.561,92.447,86.769,91.4782,85.7076,82.0755,89.586,87.0693,90.2314,85.7897,87.6968,44.9737,43.3333333333333,130,30,"AS043",43.71387,-79.505919,"North",11929.4361220938,11.9294361220938,"Urban",0.942832
"49","MW031",31,16,7,3,1,2,NA,"7/14/2021","7/19/2021",NA,0,2,4,4.67,2.17,6.62,3.85,9.02,9.27,2,NA,NA,NA,NA,NA,NA,NA,NA,NA,NA,NA,NA,NA,NA,32,5.06,2.27,6.95,3.8,7.77,8.17,0,4.92,2.27,6.47,3.95,8.63,8.48,1,4.19,2.25,5.45,4.08,6.45,6.3,0,NA,NA,NA,NA,NA,NA,NA,NA,NA,NA,NA,NA,NA,NA,NA,NA,NA,NA,NA,NA,NA,NA,1,10.1339,NA,NA,11.4862,11.1684,9.4275,NA,NA,NA,10.1339,10.6940333333333,NA,10.4139666666667,25.487,NA,NA,26.41,25.5565,22.236,NA,NA,NA,25.487,24.7341666666667,NA,25.1105833333333,83.6154,NA,NA,63.4809,73.1824,40.635,NA,NA,NA,83.6154,59.0994333333333,NA,71.3574166666667,35.6273222222222,18,36,31,"AS044",43.713092,-79.515599,"North",12549.9941861896,12.5499941861896,"Urban",1.87618
"50","MW031",31,3,34,2,1,3,NA,"7/12/2021","7/19/2021","08/09/2021",7,3,44,5.84,2.22,8.54,3.84,9.56,9.22,2,5.77,2.3,7.42,3.72,9.51,9.26,3,5.62,2.29,8.12,3.72,9.33,9.2,0,35,6.32,2.12,8.32,4.14,10.19,10.16,5,6.51,2.21,8.24,3.95,8.13,8.3,0,4.97,2.14,7.26,4.1,9.57,8.72,1,11,6.31,2.65,8.52,3.83,7.02,7.27,0,6.6,2.31,8.91,4.27,8.96,8.45,0,8.43,2.32,8.37,4.29,6.57,6.43,0,1,12.9648,13.271,12.8698,13.3984,14.3871,10.6358,16.7215,15.246,19.5576,13.0352,12.8071,17.1750333333333,14.3391111111111,32.7936,27.6024,30.2064,34.4448,32.548,29.766,32.6316,38.0457,35.9073,30.2008,32.2529333333333,35.5282,32.6606444444444,88.1432,88.0626,85.836,103.5304,67.479,83.4504,51.0354,75.712,42.2451,87.3472666666667,84.8199333333333,56.3308333333333,76.1660111111111,41.0552555555556,30,90,31,"AS044",43.713092,-79.515599,"North",12549.9941861896,12.5499941861896,"Urban",1.87618
"51","MW031",31,11,46,4,1,5,NA,"7/11/2021","7/16/2021","08/12/2021",1,4,5,4.02,1.92,9.04,4.61,7.65,8.23,0,4.03,2.21,9.06,4.36,10.02,9.63,1,3.89,2.05,8.22,4.29,9.12,8.58,0,10,4.65,1.72,7.45,4.03,6.14,6.08,0,4.88,2.11,7.92,4.13,8.03,8.14,0,4.9,1.93,8.31,4.09,7.41,7.91,2,31,4.18,2.21,7.81,4.23,6.86,6.62,1,4.37,1.75,7.42,4.06,8.24,8.27,1,4.99,1.96,7.27,3.52,9.13,9.18,5,1,7.7184,8.9063,7.9745,7.998,10.2968,9.457,9.2378,7.6475,9.7804,8.19973333333333,9.2506,8.88856666666667,8.77963333333333,41.6744,39.5016,35.2638,30.0235,32.7096,33.9879,33.0363,30.1252,25.5904,38.8132666666667,32.2403333333333,29.5839666666667,33.5458555555556,62.9595,96.4926,78.2496,37.3312,65.3642,58.6131,45.4132,68.1448,83.8134,79.2339,53.7695,65.7904666666667,66.2646222222222,36.1967037037037,15.3333333333333,46,31,"AS044",43.713092,-79.515599,"North",12549.9941861896,12.5499941861896,"Urban",1.87618
"52","MW031",31,21,3,3,1,4,NA,"7/4/2021","7/18/2021",NA,0,3,11,3.62,2.33,7.07,4.06,8.77,8.68,0,3.25,2.08,8.13,4,8.25,8.41,0,3.48,2.03,7.28,3.76,8.7,8.67,0,4,3.79,1.83,6.37,4.14,8.05,7.96,0,4.34,2.28,6.7,3.37,7.41,7.44,3,4.88,1.95,7.21,3.93,7.51,7.45,0,26,3.32,1.9,7.02,3.88,7.61,7.51,2,4.39,1.52,7.71,3.83,6.88,6.68,0,3.73,1.81,7.8,3.62,7.28,7.43,1,1,8.4346,6.76,7.0644,6.9357,9.8952,9.516,6.308,6.6728,6.7513,7.41966666666667,8.7823,6.57736666666667,7.59311111111111,28.7042,32.52,27.3728,26.3718,22.579,28.3353,27.2376,29.5293,28.236,29.5323333333333,25.7620333333333,28.3343,27.8762222222222,76.1236,69.3825,75.429,64.078,55.1304,55.9495,57.1511,45.9584,54.0904,73.6450333333333,58.3859666666667,52.3999666666667,61.4769888888889,32.3154407407407,13.6666666666667,41,31,"AS044",43.713092,-79.515599,"North",12549.9941861896,12.5499941861896,"Urban",1.87618
"53","MW032",32,4,27,2,1,2,NA,"7/4/2021","7/19/2021","08/12/2021",1,3,14,3.94,2.32,7.05,4.39,8.18,8.11,0,3.54,2.33,7.18,3.57,8.72,8.69,3,3.81,2.58,7.51,4.34,8.51,8.47,3,23,3.87,2.1,6.1,3.68,7.62,8.11,2,3.45,2.49,7.54,3.51,7.26,7.73,2,3.35,2.19,6.73,3.3,7.39,7.02,1,11,4.27,2.49,6.87,3.77,7.85,7.92,3,4.47,2.36,6.43,2.9,7.72,8.02,1,4.35,2.6,7.6,4.38,8.1,7.93,3,1,9.1408,8.2482,9.8298,8.127,8.5905,7.3365,10.6323,10.5492,11.31,9.07293333333333,8.018,10.8305,9.30714444444444,30.9495,25.6326,32.5934,22.448,26.4654,22.209,25.8999,18.647,33.288,29.7251666666667,23.7074666666667,25.9449666666667,26.4592,66.3398,75.7768,72.0797,61.7982,56.1198,51.8778,62.172,61.9144,64.233,71.3987666666667,56.5986,62.7731333333333,63.5901666666667,33.118837037037,16,48,32,"AS045",43.66963,-79.498027,"South",9547.46298971845,9.54746298971845,"Urban",1.9821
"54","MW035",35,14,16,3,2,5,NA,"7/16/2021","7/26/2021",NA,0,2,2,6.31,2.24,7.74,4.19,8.22,8.41,4,5.9,2.45,7.81,4.58,NA,NA,NA,NA,NA,NA,NA,NA,NA,NA,3,NA,NA,NA,NA,NA,NA,NA,NA,NA,NA,NA,NA,NA,NA,NA,NA,NA,NA,NA,NA,NA,NA,NA,NA,NA,NA,NA,NA,NA,NA,NA,NA,NA,NA,NA,NA,NA,NA,NA,NA,NA,NA,NA,1,14.1344,14.455,NA,NA,NA,NA,NA,NA,NA,14.2947,NA,NA,14.2947,32.4306,35.7698,NA,NA,NA,NA,NA,NA,NA,34.1002,NA,NA,34.1002,69.1302,NA,NA,NA,NA,NA,NA,NA,NA,69.1302,NA,NA,69.1302,39.1750333333333,2.5,5,35,"AS048",43.349551,-80.098407,"Rural",67250.0474239397,67.2500474239397,"Rural",-3.55182
"55","MW035",35,12,33,4,5,2,NA,"7/21/2021","7/30/2021","8/16/2021",19,6,73,4.75,1.97,8.51,4.29,9,9.07,0,4.63,2.11,9.02,4.67,9.16,9.23,0,4.11,2.04,8.75,4.6,7.98,7.99,0,41,4.39,2.01,8.02,4.46,8.07,7.82,2,5.18,2.21,8.49,4.6,8.78,8.82,1,4.31,2.23,9.36,4.65,9.3,9.12,3,54,4.53,2.22,8.74,4.51,9.51,9.55,2,4.98,2.59,8.92,4.94,9.34,9.65,0,4.47,2.34,9.4,4.4,9.28,9.3,3,1,9.3575,9.7693,8.3844,8.8239,11.4478,9.6113,10.0566,12.8982,10.4598,9.1704,9.961,11.1382,10.0898666666667,36.5079,42.1234,40.25,35.7692,39.054,43.524,39.4174,44.0648,41.36,39.6271,39.4490666666667,41.6140666666667,40.2300777777778,81.63,84.5468,63.7602,63.1074,77.4396,84.816,90.8205,90.131,86.304,76.6456666666667,75.121,89.0851666666667,80.2839444444444,43.5346296296296,56,168,35,"AS048",43.349551,-80.098407,"Rural",67250.0474239397,67.2500474239397,"Rural",-3.55182
"56","MW035",35,14,12,3,3,1,NA,"7/12/2021","7/13/2021",NA,0,1,6,4.31,2.21,7.77,3.73,9.85,9.62,3,5.3,2.31,8.41,3.91,9.38,8.93,2,5.23,2.27,8.26,3.69,8.73,9.35,2,NA,NA,NA,NA,NA,NA,NA,NA,NA,NA,NA,NA,NA,NA,NA,NA,NA,NA,NA,NA,NA,NA,NA,NA,NA,NA,NA,NA,NA,NA,NA,NA,NA,NA,NA,NA,NA,NA,NA,NA,NA,NA,NA,NA,1,9.5251,12.243,11.8721,NA,NA,NA,NA,NA,NA,11.2134,NA,NA,11.2134,28.9821,32.8831,30.4794,NA,NA,NA,NA,NA,NA,30.7815333333333,NA,NA,30.7815333333333,94.757,83.7634,81.6255,NA,NA,NA,NA,NA,NA,86.7153,NA,NA,86.7153,42.9034111111111,6,6,35,"AS048",43.349551,-80.098407,"Rural",67250.0474239397,67.2500474239397,"Rural",-3.55182
"57","MW036",36,9,30,2,4,1,NA,"7/19/2021","7/19/2021",NA,0,1,1,3.38,2.05,5.19,4.05,6.99,7.09,0,NA,NA,NA,NA,NA,NA,NA,NA,NA,NA,NA,NA,NA,NA,NA,NA,NA,NA,NA,NA,NA,NA,NA,NA,NA,NA,NA,NA,NA,NA,NA,NA,NA,NA,NA,NA,NA,NA,NA,NA,NA,NA,NA,NA,NA,NA,NA,NA,NA,NA,NA,NA,NA,NA,NA,NA,NA,NA,1,6.929,NA,NA,NA,NA,NA,NA,NA,NA,6.929,NA,NA,6.929,21.0195,NA,NA,NA,NA,NA,NA,NA,NA,21.0195,NA,NA,21.0195,49.5591,NA,NA,NA,NA,NA,NA,NA,NA,49.5591,NA,NA,49.5591,25.8358666666667,1,1,36,"AS049",43.321018,-80.049313,"Rural",65630.649050805,65.630649050805,"Rural",-3.25583
"58","MW036",36,4,37,2,5,3,NA,"7/19/2021","7/26/2021","08/09/2021",9,2,32,3.86,2.43,9.77,4.23,10.09,10.14,4,4.1,2.48,9.54,3.95,10.77,10.26,2,4.44,2.1,8.57,3.86,9.35,9.44,2,19,4.82,1.93,7.07,3.42,8.42,8.34,2,5.2,2.14,7.61,3.64,7.62,7.75,0,4.24,2.04,9.36,3.68,7.86,8.23,0,NA,NA,NA,NA,NA,NA,NA,NA,NA,NA,NA,NA,NA,NA,NA,NA,NA,NA,NA,NA,NA,NA,1,9.3798,10.168,9.324,9.3026,11.128,8.6496,NA,NA,NA,9.62393333333333,9.6934,NA,9.65866666666667,41.3271,37.683,33.0802,24.1794,27.7004,34.4448,NA,NA,NA,37.3634333333333,28.7748666666667,NA,33.06915,102.3126,110.5002,88.264,70.2228,59.055,64.6878,NA,NA,NA,100.358933333333,64.6552,NA,82.5070666666667,41.7449611111111,25.5,51,36,"AS049",43.321018,-80.049313,"Rural",65630.649050805,65.630649050805,"Rural",-3.25583
"59","MW036",36,3,20,1,2,2,NA,"7/12/2021","7/13/2021",NA,0,1,11,3.87,2.19,8.07,3.96,7.12,7.79,1,3.58,2.15,6.98,4.06,7.36,7.71,0,3.24,1.96,7.31,3.92,7.5,7.35,0,NA,NA,NA,NA,NA,NA,NA,NA,NA,NA,NA,NA,NA,NA,NA,NA,NA,NA,NA,NA,NA,NA,NA,NA,NA,NA,NA,NA,NA,NA,NA,NA,NA,NA,NA,NA,NA,NA,NA,NA,NA,NA,NA,NA,1,8.4753,7.697,6.3504,NA,NA,NA,NA,NA,NA,7.50756666666667,NA,NA,7.50756666666667,31.9572,28.3388,28.6552,NA,NA,NA,NA,NA,NA,29.6504,NA,NA,29.6504,55.4648,56.7456,55.125,NA,NA,NA,NA,NA,NA,55.7784666666667,NA,NA,55.7784666666667,30.9788111111111,11,11,36,"AS049",43.321018,-80.049313,"Rural",65630.649050805,65.630649050805,"Rural",-3.25583
"60","MW039",39,13,37,4,5,4,"Small inflor almost all eaten check second flow for measurments","7/30/2021","08/06/2021",NA,0,3,12,3.34,1.56,5.02,2.9,5.94,6.38,0,3.93,2.1,6.26,3.93,6.99,7.43,1,NA,NA,NA,NA,NA,NA,NA,7,4.5,2.04,7.63,3.66,4.68,6.46,2,NA,NA,NA,NA,NA,NA,NA,NA,NA,NA,NA,NA,NA,NA,6,3.84,1.87,7.06,3.45,6.76,6.35,2,NA,NA,NA,NA,NA,NA,NA,NA,NA,NA,NA,NA,NA,NA,1,5.2104,8.253,NA,9.18,NA,NA,7.1808,NA,NA,6.7317,9.18,7.1808,7.6975,14.558,24.6018,NA,27.9258,NA,NA,24.357,NA,NA,19.5799,27.9258,24.357,23.9542333333333,37.8972,51.9357,NA,30.2328,NA,NA,42.926,NA,NA,44.91645,30.2328,42.926,39.3584166666667,23.67005,8.33333333333333,25,39,"AS052",43.701432,-79.56251,"North",15458.9940728025,15.4589940728025,"Urban",2.30737
"61","MW039",39,11,23,1,5,1,NA,"7/12/2021","7/16/2021",NA,0,2,3,4.28,2.08,5.69,4.04,8.25,8,0,3.93,2.24,6.37,4.07,7.95,8.18,8,4.22,2.49,5.84,3.94,7.99,8.03,0,2,3.99,2.05,6.23,3.42,6.76,6.75,1,3.4,1.62,5.88,3,5.91,5.84,0,NA,NA,NA,NA,NA,NA,NA,NA,NA,NA,NA,NA,NA,NA,NA,NA,NA,NA,NA,NA,NA,NA,NA,NA,NA,NA,NA,NA,NA,1,8.9024,8.8032,10.5078,8.1795,5.508,NA,NA,NA,NA,9.40446666666667,6.84375,NA,8.12410833333333,22.9876,25.9259,23.0096,21.3066,17.64,NA,NA,NA,NA,23.9743666666667,19.4733,NA,21.7238333333333,66,65.031,64.1597,45.63,34.5144,NA,NA,NA,NA,65.0635666666667,40.0722,NA,52.5678833333333,27.4719416666667,2.5,5,39,"AS052",43.701432,-79.56251,"North",15458.9940728025,15.4589940728025,"Urban",2.30737
"62","MW039",39,7,29,2,2,5,NA,"7/9/2021","7/19/2021","08/06/2021",10,7,36,3.43,2.26,7.83,4.46,8.02,7.83,1,3.3,2.3,6.73,4.5,8.04,8.22,0,3.13,2.39,7.61,4.41,8.19,8.2,0,50,3.22,2.17,6.92,4.29,7.77,7.91,3,3.04,2.13,7.17,4.57,7.82,8.13,1,3.35,1.99,6.82,4.17,8.49,8.13,2,35,3.41,2.1,6.66,4.3,7.81,7.69,0,3.14,1.91,5.35,4.26,8.22,8.06,3,3.43,1.97,5.66,3.83,7.08,7.38,0,1,7.7518,7.59,7.4807,6.9874,6.4752,6.6665,7.161,5.9974,6.7571,7.6075,6.7097,6.6385,6.98523333333333,34.9218,30.285,33.5601,29.6868,32.7669,28.4394,28.638,22.791,21.6778,32.9223,30.2977,24.3689333333333,29.1963111111111,62.7966,66.0888,67.158,61.4607,63.5766,69.0237,60.0589,66.2532,52.2504,65.3478,64.687,59.5208333333333,63.1852111111111,33.1222518518518,40.3333333333333,121,39,"AS052",43.701432,-79.56251,"North",15458.9940728025,15.4589940728025,"Urban",2.30737
"63","MW040",40,15,41,4,3,3,NA,"7/30/2021","7/30/2021","8/19/2021",3,1,26,4.43,2.21,7.75,3.81,8.43,8.13,2,4.39,2.21,7.06,3.77,8.64,8.83,1,4.23,2.18,6.54,4.01,8.37,8.1,2,NA,NA,NA,NA,NA,NA,NA,NA,NA,NA,NA,NA,NA,NA,NA,NA,NA,NA,NA,NA,NA,NA,NA,NA,NA,NA,NA,NA,NA,NA,NA,NA,NA,NA,NA,NA,NA,NA,NA,NA,NA,NA,NA,NA,1,9.7903,9.7019,9.2214,NA,NA,NA,NA,NA,NA,9.5712,NA,NA,9.5712,29.5275,26.6162,26.2254,NA,NA,NA,NA,NA,NA,27.4563666666667,NA,NA,27.4563666666667,68.5359,76.2912,67.797,NA,NA,NA,NA,NA,NA,70.8747,NA,NA,70.8747,35.9674222222222,26,26,40,"AS053",43.690086,-79.572325,"North",15864.0513430648,15.8640513430648,"Urban",1.5481
"64","MW040",40,11,35,4,3,2,NA,"7/26/2021","7/30/2021","08/12/2021",9,3,32,4.27,2.45,9.18,3.8,9.03,8.99,0,4.29,2.55,9.49,4.57,9.03,9.1,0,4.39,2.45,9.3,4.37,8.14,8.06,2,19,3.77,2.68,6.72,3.94,8.22,8.51,1,4.89,2.52,6.27,3.91,8.65,8.79,1,4.32,2.38,7.57,4.03,7.99,8.47,0,17,4.06,2.53,6.98,4.17,8.08,7.97,3,4.24,2.39,6.86,4.53,7.92,8.02,0,4.44,2.42,6.77,4.48,7.38,7.67,1,1,10.4615,10.9395,10.7555,10.1036,12.3228,10.2816,10.2718,10.1336,10.7448,10.7188333333333,10.9026666666667,10.3834,10.6683,34.884,43.3693,40.641,26.4768,24.5157,30.5071,29.1066,31.0758,30.3296,39.6314333333333,27.1665333333333,30.1706666666667,32.3228777777778,81.1797,82.173,65.6084,69.9522,76.0335,67.6753,64.3976,63.5184,56.6046,76.3203666666667,71.2203333333333,61.5068666666667,69.6825222222222,37.5579,22.6666666666667,68,40,"AS053",43.690086,-79.572325,"North",15864.0513430648,15.8640513430648,"Urban",1.5481
"65","MW040",40,4,38,2,5,3,NA,"7/21/2021","7/26/2021","08/16/2021",1,2,25,4.47,1.99,7.37,3.7,9.03,9.25,1,3.64,1.98,7.18,3.81,7.88,7.44,0,3.54,1.59,7.47,3.55,8.99,8.89,0,15,4.04,2.18,7.72,3.96,8.83,8.82,3,4.82,2.18,8.17,3.66,9.51,9.33,2,4.19,1.91,7.99,3.68,8.72,8.62,2,NA,NA,NA,NA,NA,NA,NA,NA,NA,NA,NA,NA,NA,NA,NA,NA,NA,NA,NA,NA,NA,NA,1,8.8953,7.2072,5.6286,8.8072,10.5076,8.0029,NA,NA,NA,7.2437,9.1059,NA,8.1748,27.269,27.3558,26.5185,30.5712,29.9022,29.4032,NA,NA,NA,27.0477666666667,29.9588666666667,NA,28.5033166666667,83.5275,58.6272,79.9211,77.8806,88.7283,75.1664,NA,NA,NA,74.0252666666667,80.5917666666667,NA,77.3085166666667,37.9955444444444,20,40,40,"AS053",43.690086,-79.572325,"North",15864.0513430648,15.8640513430648,"Urban",1.5481
"66","MW046",46,5,18,1,5,3,NA,"7/21/2021","7/26/2021","08/16/2021",2,3,36,4.89,2.02,8.11,3.69,8.68,8.56,2,4.91,1.96,8.79,4.15,7.95,8.12,0,3.96,2.13,7.96,3.84,7.71,7.96,0,35,5.1,2.1,9.64,3.52,9.39,9.08,1,4.87,2.25,9.1,3.99,9.39,9.42,2,5.16,2.19,9.05,3.35,9.23,8.57,1,20,5.1,1.89,8.52,3.42,7.53,6.99,0,4.94,2.03,7.3,3.25,5.81,5.69,0,5.13,2.04,8.83,3.73,7.28,7.82,3,1,9.8778,9.6236,8.4348,10.71,10.9575,11.3004,9.639,10.0282,10.4652,9.31206666666667,10.9893,10.0441333333333,10.1151666666667,29.9259,36.4785,30.5664,33.9328,36.309,30.3175,29.1384,23.725,32.9359,32.3236,33.5197666666667,28.5997666666667,31.4810444444444,74.3008,64.554,61.3716,85.2612,88.4538,79.1011,52.6347,33.0589,56.9296,66.7421333333333,84.2720333333333,47.5410666666667,66.1850777777778,35.9270962962963,30.3333333333333,91,46,"AS059",43.343046,-79.959704,"Rural",58314.3855323293,58.3143855323293,"Rural",-2.26854
"67","MW046",46,4,46,2,4,1,NA,"7/12/2021","7/13/2021",NA,0,1,3,3.9,2.6,8.48,3.57,8.2,8.08,2,4.06,2.26,8.54,3.24,8.47,7.98,4,4.41,2.27,7.75,3.7,8.25,8.86,4,NA,NA,NA,NA,NA,NA,NA,NA,NA,NA,NA,NA,NA,NA,NA,NA,NA,NA,NA,NA,NA,NA,NA,NA,NA,NA,NA,NA,NA,NA,NA,NA,NA,NA,NA,NA,NA,NA,NA,NA,NA,NA,NA,NA,1,10.14,9.1756,10.0107,NA,NA,NA,NA,NA,NA,9.77543333333333,NA,NA,9.77543333333333,30.2736,27.6696,28.675,NA,NA,NA,NA,NA,NA,28.8727333333333,NA,NA,28.8727333333333,66.256,67.5906,73.095,NA,NA,NA,NA,NA,NA,68.9805333333333,NA,NA,68.9805333333333,35.8762333333333,3,3,46,"AS059",43.343046,-79.959704,"Rural",58314.3855323293,58.3143855323293,"Rural",-2.26854
"68","MW046",46,17,8,3,3,4,NA,"6/29/2021","7/4/2021",NA,0,3,9,3.12,1.69,5.24,3.64,7.53,6.92,2,3.34,1.95,4.93,3.18,8.23,7.87,2,3.8,1.88,5.12,3.85,7.5,7.4,1,19,3.49,1.64,4.83,3.41,7.11,6.84,1,3.02,1.89,3.81,3.52,7.05,6.91,1,2.84,1.81,4.09,3.13,6.78,6.93,1,21,3.58,1.85,5.35,4.05,6.85,6.79,2,3.37,1.94,4.29,3.91,6.31,5.98,1,3.42,1.9,4.79,3.08,5.85,6.2,0,1,5.2728,6.513,7.144,5.7236,5.7078,5.1404,6.623,6.5378,6.498,6.30993333333333,5.52393333333333,6.55293333333333,6.12893333333333,19.0736,15.6774,19.712,16.4703,13.4112,12.8017,21.6675,16.7739,14.7532,18.1543333333333,14.2277333333333,17.7315333333333,16.7045333333333,52.1076,64.7701,55.5,48.6324,48.7155,46.9854,46.5115,37.7338,36.27,57.4592333333333,48.1111,40.1717666666667,48.5807,23.8047222222222,16.3333333333333,49,46,"AS059",43.343046,-79.959704,"Rural",58314.3855323293,58.3143855323293,"Rural",-2.26854
"69","MW046",46,3,42,2,2,2,NA,"08/06/2021","08/06/2021","8/30/2021",4,2,21,4.14,2.42,7.42,3.7,8.68,8.38,1,4.08,2.32,7.8,4.12,9.83,9.78,5,3.86,2.34,7.61,4.42,4.44,9.5,5,17,3.98,2.29,7.3,4.36,9.64,9.59,1,4.74,2.51,7.89,4.43,10.18,10.21,2,3.57,2.26,7.36,4.37,10.38,10.33,2,NA,NA,NA,NA,NA,NA,NA,NA,NA,NA,NA,NA,NA,NA,NA,NA,NA,NA,NA,NA,NA,NA,1,10.0188,9.4656,9.0324,9.1142,11.8974,8.0682,NA,NA,NA,9.5056,9.69326666666667,NA,9.59943333333333,27.454,32.136,33.6362,31.828,34.9527,32.1632,NA,NA,NA,31.0754,32.9813,NA,32.02835,72.7384,96.1374,42.18,92.4476,103.9378,107.2254,NA,NA,NA,70.3519333333333,101.2036,NA,85.7777666666667,42.4685166666667,19,38,46,"AS059",43.343046,-79.959704,"Rural",58314.3855323293,58.3143855323293,"Rural",-2.26854
"70","MW046",46,10,22,1,1,1,NA,"7/19/2021","7/19/2021",NA,0,2,20,4.27,2.32,4.83,3.88,8.28,8.25,0,4.39,2.16,6.02,4.18,10.12,10.28,1,4.03,2.3,6.61,3.34,10.33,10.19,2,NA,NA,NA,NA,NA,NA,NA,NA,NA,NA,NA,NA,NA,NA,NA,NA,NA,NA,NA,NA,NA,NA,NA,NA,NA,NA,NA,NA,NA,NA,NA,NA,NA,NA,NA,NA,NA,NA,NA,NA,NA,NA,NA,NA,1,9.9064,9.4824,9.269,NA,NA,NA,NA,NA,NA,9.5526,NA,NA,9.5526,18.7404,25.1636,22.0774,NA,NA,NA,NA,NA,NA,21.9938,NA,NA,21.9938,68.31,104.0336,105.2627,NA,NA,NA,NA,NA,NA,92.5354333333333,NA,NA,92.5354333333333,41.3606111111111,20,20,46,"AS059",43.343046,-79.959704,"Rural",58314.3855323293,58.3143855323293,"Rural",-2.26854
"71","MW047",47,5,16,1,1,5,NA,"7/14/2021","7/16/2021",NA,0,1,6,4.6,1.99,6.95,3.56,7.03,7.31,2,3.84,1.31,8.03,3.35,6.81,6.89,0,4.34,1.85,8.62,3.53,7.12,7.52,1,NA,NA,NA,NA,NA,NA,NA,NA,NA,NA,NA,NA,NA,NA,NA,NA,NA,NA,NA,NA,NA,NA,NA,NA,NA,NA,NA,NA,NA,NA,NA,NA,NA,NA,NA,NA,NA,NA,NA,NA,NA,NA,NA,NA,1,9.154,5.0304,8.029,NA,NA,NA,NA,NA,NA,7.40446666666667,NA,NA,7.40446666666667,24.742,26.9005,30.4286,NA,NA,NA,NA,NA,NA,27.3570333333333,NA,NA,27.3570333333333,51.3893,46.9209,53.5424,NA,NA,NA,NA,NA,NA,50.6175333333333,NA,NA,50.6175333333333,28.4596777777778,6,6,47,"AS060",43.519441,-79.750471,"Rural",33468.5354488643,33.4685354488643,"Rural",-2.66342
"72","MW047",47,2,40,2,2,4,NA,"7/6/2021","7/6/2021",NA,0,1,14,4.32,2.41,5.57,3.9,6.96,6.31,0,4.09,2.7,5.75,3.67,8.24,8.82,0,4.46,2.44,7.26,3.48,6.59,6.25,0,NA,NA,NA,NA,NA,NA,NA,NA,NA,NA,NA,NA,NA,NA,NA,NA,NA,NA,NA,NA,NA,NA,NA,NA,NA,NA,NA,NA,NA,NA,NA,NA,NA,NA,NA,NA,NA,NA,NA,NA,NA,NA,NA,NA,1,10.4112,11.043,10.8824,NA,NA,NA,NA,NA,NA,10.7788666666667,NA,NA,10.7788666666667,21.723,21.1025,25.2648,NA,NA,NA,NA,NA,NA,22.6967666666667,NA,NA,22.6967666666667,43.9176,72.6768,41.1875,NA,NA,NA,NA,NA,NA,52.5939666666667,NA,NA,52.5939666666667,28.6898666666667,14,14,47,"AS060",43.519441,-79.750471,"Rural",33468.5354488643,33.4685354488643,"Rural",-2.66342
"73","MW049",49,2,5,1,3,5,"Flowers eaten before quantified","7/19/2021","7/19/2021",NA,0,1,16,NA,NA,NA,NA,NA,NA,NA,NA,NA,NA,NA,NA,NA,NA,NA,NA,NA,NA,NA,NA,NA,NA,NA,NA,NA,NA,NA,NA,NA,NA,NA,NA,NA,NA,NA,NA,NA,NA,NA,NA,NA,NA,NA,NA,NA,NA,NA,NA,NA,NA,NA,NA,NA,NA,NA,NA,NA,NA,NA,NA,NA,NA,NA,NA,NA,1,NA,NA,NA,NA,NA,NA,NA,NA,NA,NA,NA,NA,NA,NA,NA,NA,NA,NA,NA,NA,NA,NA,NA,NA,NA,NA,NA,NA,NA,NA,NA,NA,NA,NA,NA,NA,NA,NA,NA,NA,16,16,49,"AS062",43.534939,-79.732912,"South",31431.8593230486,31.4318593230486,"Urban",0.2286
"74","MW049",49,3,39,2,5,3,NA,"7/19/2021","7/21/2021",NA,0,3,27,5.41,2.09,7.65,3.81,6.76,6.8,0,4.84,2.16,8.62,3.37,6.9,6.8,0,5.55,2,6.63,4.08,6.12,6.43,0,4,5.16,2.08,7.13,3.37,7.53,7.64,3,5.47,2.3,8.32,4.55,8.74,7.93,1,4.67,2.12,8.58,3.88,7.93,7.66,1,3,5.57,2.14,6.62,4.15,6.4,6.3,0,NA,NA,NA,NA,NA,NA,NA,NA,NA,NA,NA,NA,NA,NA,1,11.3069,10.4544,11.1,10.7328,12.581,9.9004,11.9198,NA,NA,10.9537666666667,11.0714,11.9198,11.3149888888889,29.1465,29.0494,27.0504,24.0281,37.856,33.2904,27.473,NA,NA,28.4154333333333,31.7248333333333,27.473,29.2044222222222,45.968,46.92,39.3516,57.5292,69.3082,60.7438,40.32,NA,NA,44.0798666666667,62.5270666666667,40.32,48.9756444444444,29.8316851851852,11.3333333333333,34,49,"AS062",43.534939,-79.732912,"South",31431.8593230486,31.4318593230486,"Urban",0.2286
"75","MW049",49,13,26,4,1,2,NA,"7/23/2021","7/23/2021",NA,0,1,9,5.31,2.22,9.13,4.4,7.96,7.98,2,5.09,2.72,8.04,3.41,8.11,7.7,1,5.23,2.05,7.91,3.89,6.35,6.55,1,NA,NA,NA,NA,NA,NA,NA,NA,NA,NA,NA,NA,NA,NA,NA,NA,NA,NA,NA,NA,NA,NA,NA,NA,NA,NA,NA,NA,NA,NA,NA,NA,NA,NA,NA,NA,NA,NA,NA,NA,NA,NA,NA,NA,1,11.7882,13.8448,10.7215,NA,NA,NA,NA,NA,NA,12.1181666666667,NA,NA,12.1181666666667,40.172,27.4164,30.7699,NA,NA,NA,NA,NA,NA,32.7861,NA,NA,32.7861,63.5208,62.447,41.5925,NA,NA,NA,NA,NA,NA,55.8534333333333,NA,NA,55.8534333333333,33.5859,9,9,49,"AS062",43.534939,-79.732912,"South",31431.8593230486,31.4318593230486,"Urban",0.2286
"76","MW051",51,4,34,2,4,3,NA,"7/12/2021","7/26/2021","08/06/2021",18,7,26,4.29,2.14,8.14,3.75,8.96,9.34,2,4.25,2.14,8.72,4.34,9.84,9.75,2,4.99,2.23,8.25,3.87,9.3,9.15,4,25,4.85,2.29,7.92,4.08,7.66,7.92,2,4.78,2.13,7.94,4.17,7.92,8.12,0,4.4,2.41,7.3,4.2,7.75,8.1,0,25,5.05,2.1,8.24,4.16,8.6,8.62,5,5.18,2.06,7.21,4.38,8.56,8.82,2,4.94,2.11,8.73,3.92,8.08,8.05,3,1,9.1806,9.095,11.1277,11.1065,10.1814,10.604,10.605,10.6708,10.4234,9.8011,10.6306333333333,10.5664,10.3327111111111,30.525,37.8448,31.9275,32.3136,33.1098,30.66,34.2784,31.5798,34.2216,33.4324333333333,32.0278,33.3599333333333,32.9400555555556,83.6864,95.94,85.095,60.6672,64.3104,62.775,74.132,75.4992,65.044,88.2404666666667,62.5842,71.5584,74.1276888888889,39.1334851851852,25.3333333333333,76,51,"AS064",43.669676,-79.422881,"South",3692.60866191731,3.69260866191731,"Urban",2.67139
"77","MW057",57,10,37,2,1,1,NA,"7/17/2021","7/21/2021","08/12/2021",1,4,33,4.53,2.23,6.06,3.56,8.32,8.56,2,4.47,2.36,6.76,3.19,7.89,8.46,5,4.51,2.2,6.58,3.27,8.41,8.5,2,36,3.92,2.17,6.28,3.43,8.71,8.08,2,3.68,2.15,6.4,3.45,8.43,9.12,2,4.39,2.32,6.13,3.38,8.88,8.76,3,11,4.9,2.01,7.99,3.85,8.27,8.11,2,4.06,1.96,5.5,3.19,7.56,6.6,0,4.56,2.09,7.34,3.59,7.96,7.74,1,1,10.1019,10.5492,9.922,8.5064,7.912,10.1848,9.849,7.9576,9.5304,10.1910333333333,8.86773333333333,9.11233333333333,9.39036666666667,21.5736,21.5644,21.5166,21.5404,22.08,20.7194,30.7615,17.545,26.3506,21.5515333333333,21.4466,24.8857,22.6279444444444,71.2192,66.7494,71.485,70.3768,76.8816,77.7888,67.0697,49.896,61.6104,69.8178666666667,75.0157333333333,59.5253666666667,68.1196555555556,33.3793222222222,26.6666666666667,80,57,"AS070",43.67024,-79.462135,"South",6722.34816456428,6.72234816456428,"Urban",2.71762
"78","MW057",57,7,34,2,4,5,NA,"7/12/2021","7/19/2021","08/06/2021",17,8,17,3.59,2.17,7.95,4.36,10.14,10.07,5,3.9,2.17,8.44,3.71,9.47,9.09,5,3.42,2.16,7.9,4.38,9.83,10.13,3,24,3.94,2.29,7.77,4.33,9.67,9.54,4,3.74,2.26,9.27,4.39,10.15,10.15,4,3.93,2.27,8.85,4.13,9.26,9.13,1,26,3.38,2.29,7.31,4.15,10.17,9.89,4,3.49,2.09,8.05,3.99,9.98,9.39,2,3.62,2.43,9.79,4.28,9.83,9.78,5,1,7.7903,8.463,7.3872,9.0226,8.4524,8.9211,7.7402,7.2941,8.7966,7.88016666666667,8.7987,7.94363333333333,8.2075,34.662,31.3124,34.602,33.6441,40.6953,36.5505,30.3365,32.1195,41.9012,33.5254666666667,36.9633,34.7857333333333,35.0915,102.1098,86.0823,99.5779,92.2518,103.0225,84.5438,100.5813,93.7122,96.1374,95.9233333333333,93.2727,96.8103,95.3354444444444,46.2114814814815,22.3333333333333,67,57,"AS070",43.67024,-79.462135,"South",6722.34816456428,6.72234816456428,"Urban",2.71762
"79","MW057",57,8,2,1,1,2,"Flowers all eaten or fell off so no follicles","7/4/2021","7/9/2021",NA,0,2,1,4.08,2.34,7.76,4.84,8.29,8.58,0,NA,NA,NA,NA,NA,NA,NA,NA,NA,NA,NA,NA,NA,NA,15,4.8,2.01,7.53,4.11,8.74,8.79,1,3.71,1.96,5.88,4.2,7.99,8.16,1,3.61,2.22,6.36,4.41,8.61,8.26,1,NA,NA,NA,NA,NA,NA,NA,NA,NA,NA,NA,NA,NA,NA,NA,NA,NA,NA,NA,NA,NA,NA,1,9.5472,NA,NA,9.648,7.2716,8.0142,NA,NA,NA,9.5472,8.31126666666667,NA,8.92923333333333,37.5584,NA,NA,30.9483,24.696,28.0476,NA,NA,NA,37.5584,27.8973,NA,32.72785,71.1282,NA,NA,76.8246,65.1984,71.1186,NA,NA,NA,71.1282,71.0472,NA,71.0877,37.5815944444444,8,16,57,"AS070",43.67024,-79.462135,"South",6722.34816456428,6.72234816456428,"Urban",2.71762
"80","MW061",61,10,28,2,4,1,NA,"7/14/2021","7/30/2021","08/16/2021",11,20,60,4.75,1.85,9.4,4.1,8.73,8.3,2,3.55,1.98,9.24,4.04,8.26,8.55,1,4.21,2.11,8.38,3.98,8.09,8.29,1,42,5.13,1.97,8.68,4.16,8.42,8.33,2,4.38,2.08,8.03,4.61,8.68,8.55,1,4.23,2.64,8.66,4.09,8.42,8.79,1,60,5.24,2.27,9.63,4.19,10.24,10.39,3,4.75,2.3,9.33,4.35,9.88,9.78,0,4.73,2.15,9.94,4.33,9.57,10,5,1,8.7875,7.029,8.8831,10.1061,9.1104,11.1672,11.8948,10.925,10.1695,8.2332,10.1279,10.9964333333333,9.78584444444444,38.54,37.3296,33.3524,36.1088,37.0183,35.4194,40.3497,40.5855,43.0402,36.4073333333333,36.1821666666667,41.3251333333333,37.9715444444444,72.459,70.623,67.0661,70.1386,74.214,74.0118,106.3936,96.6264,95.7,70.0493666666667,72.7881333333333,99.5733333333333,80.8036111111111,42.8536666666667,54,162,61,"AS074",43.654607,-79.607519,"North",18252.5904969499,18.2525904969498,"Urban",0.644411
"81","MW064",64,7,38,2,3,4,NA,"7/16/2021","7/16/2021","0",0,2,8,5.18,2.43,8.36,3.94,8.14,8.23,1,4.38,2.2,6.95,3.74,7.5,7.83,1,4.54,2.48,6.94,3.75,7.31,7.17,2,17,4.69,2.61,8.8,4.35,9.95,10.06,3,3.83,2.22,7.73,3.81,8.95,9.46,1,4.48,2.44,8.26,4.02,8.81,9.2,0,NA,NA,NA,NA,NA,NA,NA,NA,NA,NA,NA,NA,NA,NA,NA,NA,NA,NA,NA,NA,NA,NA,1,12.5874,9.636,11.2592,12.2409,8.5026,10.9312,NA,NA,NA,11.1608666666667,10.5582333333333,NA,10.85955,32.9384,25.993,26.025,38.28,29.4513,33.2052,NA,NA,NA,28.3188,33.6455,NA,30.98215,66.9922,58.725,52.4127,100.097,84.667,81.052,NA,NA,NA,59.3766333333333,88.6053333333333,NA,73.9909833333333,38.6108944444444,12.5,25,64,"AS077",43.628807,-79.652009,"North",22053.3186692026,22.0533186692026,"Urban",1.05287
"82","MW064",64,9,25,2,5,3,NA,"8/03/2021","8/03/2021","8/22/2021",2,1,29,4.51,1.98,7.09,3.78,8.94,8.99,4,4.42,2.22,7.75,3.64,8.32,8.94,3,4.59,1.98,7.87,3.68,8.5,8.65,4,NA,NA,NA,NA,NA,NA,NA,NA,NA,NA,NA,NA,NA,NA,NA,NA,NA,NA,NA,NA,NA,NA,NA,NA,NA,NA,NA,NA,NA,NA,NA,NA,NA,NA,NA,NA,NA,NA,NA,NA,NA,NA,NA,NA,1,8.9298,9.8124,9.0882,NA,NA,NA,NA,NA,NA,9.2768,NA,NA,9.2768,26.8002,28.21,28.9616,NA,NA,NA,NA,NA,NA,27.9906,NA,NA,27.9906,80.3706,74.3808,73.525,NA,NA,NA,NA,NA,NA,76.0921333333333,NA,NA,76.0921333333333,37.7865111111111,29,29,64,"AS077",43.628807,-79.652009,"North",22053.3186692026,22.0533186692026,"Urban",1.05287
"83","MW064",64,2,41,2,1,3,NA,"7/19/2021","7/19/2021","08/12/2021",2,1,10,3.85,2.39,7.73,4.95,8.73,8.49,0,3.99,2.15,8.66,4.27,9.16,9.03,0,4.28,2.57,7.75,4.86,8.47,8.46,0,NA,NA,NA,NA,NA,NA,NA,NA,NA,NA,NA,NA,NA,NA,NA,NA,NA,NA,NA,NA,NA,NA,NA,NA,NA,NA,NA,NA,NA,NA,NA,NA,NA,NA,NA,NA,NA,NA,NA,NA,NA,NA,NA,NA,1,9.2015,8.5785,10.9996,NA,NA,NA,NA,NA,NA,9.5932,NA,NA,9.5932,38.2635,36.9782,37.665,NA,NA,NA,NA,NA,NA,37.6355666666667,NA,NA,37.6355666666667,74.1177,82.7148,71.6562,NA,NA,NA,NA,NA,NA,76.1629,NA,NA,76.1629,41.1305555555556,10,10,64,"AS077",43.628807,-79.652009,"North",22053.3186692026,22.0533186692026,"Urban",1.05287
"84","MW068",68,7,16,1,1,5,NA,"7/6/2021","7/14/2021",NA,0,3,1,4.71,2.13,7.69,3.87,7.07,7.36,1,NA,NA,NA,NA,NA,NA,NA,NA,NA,NA,NA,NA,NA,NA,2,5.69,2.15,8.54,3.74,7.02,7.51,1,5.35,2.3,8.87,4.47,6.56,6.8,0,NA,NA,NA,NA,NA,NA,NA,1,5.24,2.27,9.57,4.35,7.14,7.17,0,NA,NA,NA,NA,NA,NA,NA,NA,NA,NA,NA,NA,NA,NA,1,10.0323,NA,NA,12.2335,12.305,NA,11.8948,NA,NA,10.0323,12.26925,11.8948,11.3987833333333,29.7603,NA,NA,31.9396,39.6489,NA,41.6295,NA,NA,29.7603,35.79425,41.6295,35.7280166666667,52.0352,NA,NA,52.7202,44.608,NA,51.1938,NA,NA,52.0352,48.6641,51.1938,50.6310333333333,32.5859444444444,1.33333333333333,4,68,"AS081",43.595802,-79.719547,"North",28107.1525454643,28.1071525454643,"Urban",1.16536
"85","MW068",68,2,3,1,1,4,"Flowers eaten before quantified","7/19/2022","7/19/2021",NA,0,1,6,NA,NA,NA,NA,NA,NA,NA,NA,NA,NA,NA,NA,NA,NA,NA,NA,NA,NA,NA,NA,NA,NA,NA,NA,NA,NA,NA,NA,NA,NA,NA,NA,NA,NA,NA,NA,NA,NA,NA,NA,NA,NA,NA,NA,NA,NA,NA,NA,NA,NA,NA,NA,NA,NA,NA,NA,NA,NA,NA,NA,NA,NA,NA,NA,NA,1,NA,NA,NA,NA,NA,NA,NA,NA,NA,NA,NA,NA,NA,NA,NA,NA,NA,NA,NA,NA,NA,NA,NA,NA,NA,NA,NA,NA,NA,NA,NA,NA,NA,NA,NA,NA,NA,NA,NA,NA,6,6,68,"AS081",43.595802,-79.719547,"North",28107.1525454643,28.1071525454643,"Urban",1.16536
"86","MW068",68,11,36,4,5,4,NA,"7/16/2021","7/16/2021","08/09/2021",2,1,29,4.53,2.18,7.88,3.81,7.75,8.05,3,4.37,2.36,6.92,3.46,7.87,7.66,2,4.67,2.17,6.26,3.7,8.13,7.49,2,NA,NA,NA,NA,NA,NA,NA,NA,NA,NA,NA,NA,NA,NA,NA,NA,NA,NA,NA,NA,NA,NA,NA,NA,NA,NA,NA,NA,NA,NA,NA,NA,NA,NA,NA,NA,NA,NA,NA,NA,NA,NA,NA,NA,1,9.8754,10.3132,10.1339,NA,NA,NA,NA,NA,NA,10.1075,NA,NA,10.1075,30.0228,23.9432,23.162,NA,NA,NA,NA,NA,NA,25.7093333333333,NA,NA,25.7093333333333,62.3875,60.2842,60.8937,NA,NA,NA,NA,NA,NA,61.1884666666667,NA,NA,61.1884666666667,32.3351,29,29,68,"AS081",43.595802,-79.719547,"North",28107.1525454643,28.1071525454643,"Urban",1.16536
"87","MW072",72,9,19,1,3,1,NA,"7/30/2021","08/06/2021","8/22/2021",2,3,30,4.65,2.41,8.03,4.12,8.58,8.26,0,4.91,2.58,8.07,4.55,9.52,9.57,1,4.53,2.19,7.3,4.17,9.06,8.59,1,29,3.57,2.03,6.52,3.88,9.46,9.44,1,4.51,2.32,8.32,3.93,6.63,8.88,2,4.12,2.43,7.27,3.23,8.42,8.12,0,7,3.72,2.27,7.2,3.87,5.9,5.59,0,NA,NA,NA,NA,NA,NA,NA,NA,NA,NA,NA,NA,NA,NA,1,11.2065,12.6678,9.9207,7.2471,10.4632,10.0116,8.4444,NA,NA,11.265,9.24063333333333,8.4444,9.65001111111111,33.0836,36.7185,30.441,25.2976,32.6976,23.4821,27.864,NA,NA,33.4143666666667,27.1591,27.864,29.4791555555556,70.8708,91.1064,77.8254,89.3024,58.8744,68.3704,32.981,NA,NA,79.9342,72.1824,32.981,61.6992,33.6094555555556,22,66,72,"AS085",43.5789,-79.713398,"North",28148.0398703139,28.1480398703139,"Urban",1.55917
"88","MW072",72,2,33,2,1,2,"second inflor eaten","7/12/2021","7/12/2022","08/09/2021",1,2,35,4.53,1.96,7.81,4.28,7.22,6.49,0,4.47,1.94,8.44,3.67,7.31,7.39,0,3.96,2.03,8.39,4.73,8.18,7.77,0,1,NA,NA,NA,NA,NA,NA,NA,NA,NA,NA,NA,NA,NA,NA,NA,NA,NA,NA,NA,NA,NA,NA,NA,NA,NA,NA,NA,NA,NA,NA,NA,NA,NA,NA,NA,NA,NA,NA,NA,NA,NA,NA,NA,1,8.8788,8.6718,8.0388,NA,NA,NA,NA,NA,NA,8.5298,NA,NA,8.5298,33.4268,30.9748,39.6847,NA,NA,NA,NA,NA,NA,34.6954333333333,NA,NA,34.6954333333333,46.8578,54.0209,63.5586,NA,NA,NA,NA,NA,NA,54.8124333333333,NA,NA,54.8124333333333,32.6792222222222,18,36,72,"AS085",43.5789,-79.713398,"North",28148.0398703139,28.1480398703139,"Urban",1.55917
"89","MW077",77,16,4,3,2,1,NA,"7/4/2021","7/14/2021","08/06/2021",3,3,2,3.92,2.41,6.4,4.55,8.67,8.56,0,4.62,2.37,6.94,3.91,8.54,8.74,0,NA,NA,NA,NA,NA,NA,NA,19,3.78,2.28,8.39,4.35,9.38,9.13,0,4.42,2.69,8.29,4.26,8.48,8.05,0,4.24,2.59,6.05,4.55,7.62,7.46,0,9,4.15,2.33,6.29,4.13,9.54,9.41,1,4,1.99,6.54,3.84,8.86,8.93,0,3.99,2,7.5,3.91,8.8,8.86,0,1,9.4472,10.9494,NA,8.6184,11.8898,10.9816,9.6695,7.96,7.98,10.1983,10.4966,8.5365,9.7438,29.12,27.1354,NA,36.4965,35.3154,27.5275,25.9777,25.1136,29.325,28.1277,33.1131333333333,26.8054333333333,29.3487555555556,74.2152,74.6396,NA,85.6394,68.264,56.8452,89.7714,79.1198,77.968,74.4274,70.2495333333333,82.2864,75.6544444444445,38.249,10,30,77,"AS090",43.589966,-79.6183,"South",20506.9567190536,20.5069567190536,"Urban",2.03083
"90","MW077",77,3,28,2,3,2,NA,"7/12/2021","7/21/2021","08/09/2021",10,5,4,3.83,2.31,5.03,3.78,8.91,9.22,1,4.11,2.22,5.06,3.95,9.22,9.41,2,3.46,2.11,4.76,3.44,9.34,9.46,3,28,4.54,2.22,6.07,3.72,7.86,8.83,5,4.31,2.21,6.86,3.83,8.88,8.86,1,4.28,2.1,6.68,4.31,9.21,9.28,2,26,4.01,2.1,5.23,3.52,8.55,8.81,3,3.24,2.14,5.91,3.18,8.78,9.37,4,3.32,1.97,5.06,3.69,8.27,8.68,1,1,8.8473,9.1242,7.3006,10.0788,9.5251,8.988,8.421,6.9336,6.5404,8.42403333333333,9.53063333333333,7.29833333333333,8.41766666666667,19.0134,19.987,16.3744,22.5804,26.2738,28.7908,18.4096,18.7938,18.6714,18.4582666666667,25.8816666666667,18.6249333333333,20.9882888888889,82.1502,86.7602,88.3564,69.4038,78.6768,85.4688,75.3255,82.2686,71.7836,85.7556,77.8498,76.4592333333333,80.0215444444444,36.4758333333333,19.3333333333333,58,77,"AS090",43.589966,-79.6183,"South",20506.9567190536,20.5069567190536,"Urban",2.03083
"91","MW077",77,2,39,2,2,2,NA,"7/3/2021","7/26/2021","08/06/2021",13,23,23,3.92,1.74,7.97,3.79,9.06,9.25,0,3.46,1.95,7.7,3.87,10.25,9.81,0,4.08,2.05,8.05,3.98,9.93,9.33,0,32,4.41,1.85,7.55,3.75,9.29,9.71,3,4.29,2,6.98,4.12,10,9.39,2,4.08,1.97,8.77,3.75,9.94,9.84,2,28,3.8,2,7.81,3.92,9.67,9.16,1,4.37,2.05,6.58,3.92,8.55,8.34,1,4.4,2.15,7.86,3.77,9.42,8.9,1,1,6.8208,6.747,8.364,8.1585,8.58,8.0376,7.6,8.9585,9.46,7.3106,8.2587,8.67283333333333,8.08071111111111,30.2063,29.799,32.039,28.3125,28.7576,32.8875,30.6152,25.7936,29.6322,30.6814333333333,29.9858666666667,28.6803333333333,29.7825444444444,83.805,100.5525,92.6469,90.2059,93.9,97.8096,88.5772,71.307,83.838,92.3348,93.9718333333333,81.2407333333333,89.1824555555556,42.3485703703704,27.6666666666667,83,77,"AS090",43.589966,-79.6183,"South",20506.9567190536,20.5069567190536,"Urban",2.03083
"92","MW077",77,5,39,2,5,1,NA,"7/19/2021","7/26/2021","8/12/2021",2,7,1,3.82,2.29,7.39,3.42,9.08,9.22,1,NA,NA,NA,NA,NA,NA,NA,NA,NA,NA,NA,NA,NA,NA,14,4.1,1.88,8.61,3.6,10.6,10.43,4,4.47,2.39,7.88,3.47,10.05,10.31,1,4.27,1.97,8.42,3.38,9.75,9.76,1,17,3.01,1.91,4.23,2.54,9.51,9.46,1,3.57,2.28,6.82,3.08,9.85,9.97,1,3.09,2.08,6.66,3.02,8.42,8.89,0,1,8.7478,NA,NA,7.708,10.6833,8.4119,5.7491,8.1396,6.4272,8.7478,8.9344,6.77196666666667,8.15138888888889,25.2738,NA,NA,30.996,27.3436,28.4596,10.7442,21.0056,20.1132,25.2738,28.9330666666667,17.2876666666667,23.8315111111111,83.7176,NA,NA,110.558,103.6155,95.16,89.9646,98.2045,74.8538,83.7176,103.111166666667,87.6743,91.5010222222222,41.1613074074074,10.6666666666667,32,77,"AS090",43.589966,-79.6183,"South",20506.9567190536,20.5069567190536,"Urban",2.03083
"93","MW077",77,8,34,2,4,3,NA,"7/12/2021","7/13/2021",NA,0,1,2,4,2.37,7.37,4,8.76,8.74,2,3.79,2.06,7.28,3.88,7.61,7.39,0,NA,NA,NA,NA,NA,NA,NA,NA,NA,NA,NA,NA,NA,NA,NA,NA,NA,NA,NA,NA,NA,NA,NA,NA,NA,NA,NA,NA,NA,NA,NA,NA,NA,NA,NA,NA,NA,NA,NA,NA,NA,NA,NA,NA,NA,NA,NA,NA,NA,NA,NA,1,9.48,7.8074,NA,NA,NA,NA,NA,NA,NA,8.6437,NA,NA,8.6437,29.48,28.2464,NA,NA,NA,NA,NA,NA,NA,28.8632,NA,NA,28.8632,76.5624,56.2379,NA,NA,NA,NA,NA,NA,NA,66.40015,NA,NA,66.40015,34.6356833333333,2,2,77,"AS090",43.589966,-79.6183,"South",20506.9567190536,20.5069567190536,"Urban",2.03083
"94","MW077",77,3,35,2,5,5,NA,"7/16/2021","7/21/2021","08/09/2021",4,3,52,4.11,2.92,9.06,4.21,10.49,11.09,1,4.99,2.64,9.31,3.49,8.34,9.37,0,5.96,2.41,8.54,4.14,11.88,11.63,4,36,6.09,2.49,9.01,3.98,8,8.18,0,4.47,2.62,8.85,4.06,11.88,11.85,0,6.02,2.3,8.38,3.57,9.51,8.7,0,NA,NA,NA,NA,NA,NA,NA,NA,NA,NA,NA,NA,NA,NA,NA,NA,NA,NA,NA,NA,NA,NA,1,12.0012,13.1736,14.3636,15.1641,11.7114,13.846,NA,NA,NA,13.1794666666667,13.5738333333333,NA,13.37665,38.1426,32.4919,35.3556,35.8598,35.931,29.9166,NA,NA,NA,35.3300333333333,33.9024666666667,NA,34.61625,116.3341,78.1458,138.1644,65.44,140.778,82.737,NA,NA,NA,110.881433333333,96.3183333333333,NA,103.599883333333,50.5309277777778,44,88,77,"AS090",43.589966,-79.6183,"South",20506.9567190536,20.5069567190536,"Urban",2.03083
"95","MW077",77,13,9,3,4,4,NA,"6/25/2021","7/9/2021","7/21/2021",5,8,12,4.45,2.28,7.54,3.62,8.76,8.48,2,3.93,2.02,6.73,3.83,8.71,8.23,1,4.28,2.42,6.09,4.21,9.47,9.16,5,10,4.14,2.16,6.85,5.13,9.42,9.57,3,4.28,2.34,7.73,4.27,9.31,9.17,3,3.98,2.13,7.55,3.84,8.79,8.73,3,15,3.61,1.93,6.71,3.75,9.79,8.95,3,3.81,2.04,5.73,3.81,9.37,8.62,2,3.81,2.12,6.04,3.86,8.09,8.14,2,1,10.146,7.9386,10.3576,8.9424,10.0152,8.4774,6.9673,7.7724,8.0772,9.48073333333333,9.145,7.60563333333333,8.74378888888889,27.2948,25.7759,25.6389,35.1405,33.0071,28.992,25.1625,21.8313,23.3144,26.2365333333333,32.3798666666667,23.4360666666667,27.3508222222222,74.2848,71.6833,86.7452,90.1494,85.3727,76.7367,87.6205,80.7694,65.8526,77.5711,84.0862666666667,78.0808333333333,79.9127333333333,38.6691148148148,12.3333333333333,37,77,"AS090",43.589966,-79.6183,"South",20506.9567190536,20.5069567190536,"Urban",2.03083
"96","MW079",79,2,45,2,5,2,"3rd flower too eaten","7/26/2021","7/26/2021",NA,0,1,8,4.91,2.12,6.57,3.75,6.41,6.54,0,4.1,1.87,4.85,2.95,5.55,5.27,0,NA,NA,NA,NA,NA,NA,NA,NA,NA,NA,NA,NA,NA,NA,NA,NA,NA,NA,NA,NA,NA,NA,NA,NA,NA,NA,NA,NA,NA,NA,NA,NA,NA,NA,NA,NA,NA,NA,NA,NA,NA,NA,NA,NA,NA,NA,NA,NA,NA,NA,NA,1,10.4092,7.667,NA,NA,NA,NA,NA,NA,NA,9.0381,NA,NA,9.0381,24.6375,14.3075,NA,NA,NA,NA,NA,NA,NA,19.4725,NA,NA,19.4725,41.9214,29.2485,NA,NA,NA,NA,NA,NA,NA,35.58495,NA,NA,35.58495,21.3651833333333,8,8,79,"AS092",43.601609,-79.583684,"South",17437.5813140448,17.4375813140448,"Urban",2.43357
"97","MW079",79,20,32,4,1,2,NA,"7/23/2021","7/26/2021","8/16/2021",5,2,21,3.87,2.22,8.22,3.98,7.8,7.8,0,3.85,2.36,7.41,4.36,7.49,7.4,0,3.52,2.36,9,4.04,8.15,8.03,1,19,3.85,2.17,7.8,3.71,7.71,7.75,2,3.37,2.06,7.55,4.18,7.31,7.47,0,3.22,2.15,6.7,3.77,7.34,7.19,0,NA,NA,NA,NA,NA,NA,NA,NA,NA,NA,NA,NA,NA,NA,NA,NA,NA,NA,NA,NA,NA,NA,1,8.5914,9.086,8.3072,8.3545,6.9422,6.923,NA,NA,NA,8.66153333333333,7.40656666666667,NA,8.03405,32.7156,32.3076,36.36,28.938,31.559,25.259,NA,NA,NA,33.7944,28.5853333333333,NA,31.1898666666667,60.84,55.426,65.4445,59.7525,54.6057,52.7746,NA,NA,NA,60.5701666666667,55.7109333333333,NA,58.14055,32.4548222222222,20,40,79,"AS092",43.601609,-79.583684,"South",17437.5813140448,17.4375813140448,"Urban",2.43357
